agecat,first_dose_pcttakeup,full_regimen_pcttakeup,vacc_date
12_to_19,0,0,30/12/2020
12_to_19,0,0,31/12/2020
12_to_19,0,0,1/1/2021
12_to_19,0,0,2/1/2021
12_to_19,0,0,3/1/2021
12_to_19,0,0,4/1/2021
12_to_19,0,0,5/1/2021
12_to_19,0,0,6/1/2021
12_to_19,0,0,7/1/2021
12_to_19,0,0,8/1/2021
12_to_19,0,0,9/1/2021
12_to_19,0,0,10/1/2021
12_to_19,0,0,11/1/2021
12_to_19,0,0,12/1/2021
12_to_19,0,0,13/1/2021
12_to_19,0,0,14/1/2021
12_to_19,0,0,15/1/2021
12_to_19,0,0,16/1/2021
12_to_19,0,0,17/1/2021
12_to_19,0,0,18/1/2021
12_to_19,0,0,19/1/2021
12_to_19,0,0,20/1/2021
12_to_19,0,0,21/1/2021
12_to_19,0,0,22/1/2021
12_to_19,0,0,23/1/2021
12_to_19,0,0,24/1/2021
12_to_19,0,0,25/1/2021
12_to_19,0,0,26/1/2021
12_to_19,0,0,27/1/2021
12_to_19,0,0,28/1/2021
12_to_19,0,0,29/1/2021
12_to_19,0,0,30/1/2021
12_to_19,0,0,31/1/2021
12_to_19,0,0,1/2/2021
12_to_19,0,0,2/2/2021
12_to_19,0,0,3/2/2021
12_to_19,0,0,4/2/2021
12_to_19,0,0,5/2/2021
12_to_19,1,0,6/2/2021
12_to_19,1,0,7/2/2021
12_to_19,1,0,8/2/2021
12_to_19,1,0,9/2/2021
12_to_19,1,0,10/2/2021
12_to_19,1,0,11/2/2021
12_to_19,1,0,12/2/2021
12_to_19,1,0,13/2/2021
12_to_19,1,0,14/2/2021
12_to_19,1,0,15/2/2021
12_to_19,1,0,16/2/2021
12_to_19,1,0,17/2/2021
12_to_19,1,0,18/2/2021
12_to_19,1,0,19/2/2021
12_to_19,1,0,20/2/2021
12_to_19,1,0,21/2/2021
12_to_19,1,0,22/2/2021
12_to_19,1,0,23/2/2021
12_to_19,1,0,24/2/2021
12_to_19,1,0,25/2/2021
12_to_19,1,0,26/2/2021
12_to_19,1,0,27/2/2021
12_to_19,1,0,28/2/2021
12_to_19,1,1,1/3/2021
12_to_19,1,1,2/3/2021
12_to_19,1,1,3/3/2021
12_to_19,1,1,4/3/2021
12_to_19,1,1,5/3/2021
12_to_19,1,1,6/3/2021
12_to_19,1,1,7/3/2021
12_to_19,1,1,8/3/2021
12_to_19,1,1,9/3/2021
12_to_19,1,1,10/3/2021
12_to_19,1,1,11/3/2021
12_to_19,1,1,12/3/2021
12_to_19,1,1,13/3/2021
12_to_19,1,1,14/3/2021
12_to_19,1,1,15/3/2021
12_to_19,1,1,16/3/2021
12_to_19,1,1,17/3/2021
12_to_19,1,1,18/3/2021
12_to_19,1,1,19/3/2021
12_to_19,1,1,20/3/2021
12_to_19,1,1,21/3/2021
12_to_19,1,1,22/3/2021
12_to_19,1,1,23/3/2021
12_to_19,1,1,24/3/2021
12_to_19,1,1,25/3/2021
12_to_19,1,1,26/3/2021
12_to_19,1,1,27/3/2021
12_to_19,1,1,28/3/2021
12_to_19,1,1,29/3/2021
12_to_19,1,1,30/3/2021
12_to_19,1,1,31/3/2021
12_to_19,1,1,1/4/2021
12_to_19,1,1,2/4/2021
12_to_19,1,1,3/4/2021
12_to_19,1,1,4/4/2021
12_to_19,1,1,5/4/2021
12_to_19,1,1,6/4/2021
12_to_19,1,1,7/4/2021
12_to_19,1,1,8/4/2021
12_to_19,2,1,9/4/2021
12_to_19,2,1,10/4/2021
12_to_19,2,1,11/4/2021
12_to_19,2,1,12/4/2021
12_to_19,2,1,13/4/2021
12_to_19,2,1,14/4/2021
12_to_19,2,1,15/4/2021
12_to_19,2,1,16/4/2021
12_to_19,2,1,17/4/2021
12_to_19,2,1,18/4/2021
12_to_19,2,1,19/4/2021
12_to_19,2,1,20/4/2021
12_to_19,2,1,21/4/2021
12_to_19,2,1,22/4/2021
12_to_19,2,1,23/4/2021
12_to_19,2,1,24/4/2021
12_to_19,2,1,25/4/2021
12_to_19,2,1,26/4/2021
12_to_19,2,1,27/4/2021
12_to_19,2,1,28/4/2021
12_to_19,2,1,29/4/2021
12_to_19,2,1,30/4/2021
12_to_19,2,1,1/5/2021
12_to_19,2,1,2/5/2021
12_to_19,2,1,3/5/2021
12_to_19,2,2,4/5/2021
12_to_19,2,2,5/5/2021
12_to_19,2,2,6/5/2021
12_to_19,2,2,7/5/2021
12_to_19,2,2,8/5/2021
12_to_19,3,2,9/5/2021
12_to_19,3,2,10/5/2021
12_to_19,3,2,11/5/2021
12_to_19,3,2,12/5/2021
12_to_19,3,2,13/5/2021
12_to_19,3,2,14/5/2021
12_to_19,3,2,15/5/2021
12_to_19,3,2,16/5/2021
12_to_19,3,2,17/5/2021
12_to_19,3,2,18/5/2021
12_to_19,3,2,19/5/2021
12_to_19,3,2,20/5/2021
12_to_19,3,2,21/5/2021
12_to_19,3,2,22/5/2021
12_to_19,3,2,23/5/2021
12_to_19,3,2,24/5/2021
12_to_19,4,2,25/5/2021
12_to_19,4,2,26/5/2021
12_to_19,4,2,27/5/2021
12_to_19,4,2,28/5/2021
12_to_19,4,2,29/5/2021
12_to_19,4,2,30/5/2021
12_to_19,4,2,31/5/2021
12_to_19,4,2,1/6/2021
12_to_19,4,2,2/6/2021
12_to_19,6,2,3/6/2021
12_to_19,8,2,4/6/2021
12_to_19,10,2,5/6/2021
12_to_19,12,3,6/6/2021
12_to_19,13,3,7/6/2021
12_to_19,15,3,8/6/2021
12_to_19,18,3,9/6/2021
12_to_19,21,3,10/6/2021
12_to_19,23,3,11/6/2021
12_to_19,26,3,12/6/2021
12_to_19,29,3,13/6/2021
12_to_19,32,3,14/6/2021
12_to_19,36,3,15/6/2021
12_to_19,40,3,16/6/2021
12_to_19,45,3,17/6/2021
12_to_19,49,3,18/6/2021
12_to_19,52,3,19/6/2021
12_to_19,55,3,20/6/2021
12_to_19,59,3,21/6/2021
12_to_19,61,3,22/6/2021
12_to_19,64,3,23/6/2021
12_to_19,66,3,24/6/2021
12_to_19,68,3,25/6/2021
12_to_19,69,3,26/6/2021
12_to_19,70,3,27/6/2021
12_to_19,71,3,28/6/2021
12_to_19,71,3,29/6/2021
12_to_19,72,3,30/6/2021
12_to_19,72,3,1/7/2021
12_to_19,73,3,2/7/2021
12_to_19,73,4,3/7/2021
12_to_19,74,4,4/7/2021
12_to_19,75,4,5/7/2021
12_to_19,75,4,6/7/2021
12_to_19,76,4,7/7/2021
12_to_19,77,4,8/7/2021
12_to_19,78,5,9/7/2021
12_to_19,79,6,10/7/2021
12_to_19,79,7,11/7/2021
12_to_19,79,9,12/7/2021
12_to_19,80,10,13/7/2021
12_to_19,80,12,14/7/2021
12_to_19,80,14,15/7/2021
12_to_19,80,19,16/7/2021
12_to_19,81,25,17/7/2021
12_to_19,81,30,18/7/2021
12_to_19,81,32,19/7/2021
12_to_19,81,32,20/7/2021
12_to_19,81,34,21/7/2021
12_to_19,82,37,22/7/2021
12_to_19,82,42,23/7/2021
12_to_19,82,47,24/7/2021
12_to_19,82,49,25/7/2021
12_to_19,82,51,26/7/2021
12_to_19,82,53,27/7/2021
12_to_19,83,55,28/7/2021
12_to_19,83,57,29/7/2021
12_to_19,83,59,30/7/2021
12_to_19,83,62,31/7/2021
12_to_19,83,64,1/8/2021
12_to_19,83,65,2/8/2021
12_to_19,83,67,3/8/2021
12_to_19,84,68,4/8/2021
12_to_19,84,70,5/8/2021
12_to_19,84,73,6/8/2021
12_to_19,84,75,7/8/2021
12_to_19,84,77,8/8/2021
12_to_19,84,77,9/8/2021
12_to_19,85,78,10/8/2021
12_to_19,85,78,11/8/2021
12_to_19,85,78,12/8/2021
12_to_19,85,79,13/8/2021
12_to_19,86,80,14/8/2021
12_to_19,86,80,15/8/2021
12_to_19,86,80,16/8/2021
12_to_19,86,81,17/8/2021
12_to_19,86,81,18/8/2021
12_to_19,86,81,19/8/2021
12_to_19,87,81,20/8/2021
12_to_19,87,81,21/8/2021
12_to_19,87,82,22/8/2021
12_to_19,87,82,23/8/2021
12_to_19,87,82,24/8/2021
12_to_19,87,82,25/8/2021
12_to_19,87,82,26/8/2021
12_to_19,87,82,27/8/2021
12_to_19,88,83,28/8/2021
12_to_19,88,83,29/8/2021
12_to_19,88,83,30/8/2021
12_to_19,88,83,31/8/2021
12_to_19,88,83,1/9/2021
12_to_19,88,84,2/9/2021
12_to_19,88,84,3/9/2021
12_to_19,88,85,4/9/2021
12_to_19,88,85,5/9/2021
12_to_19,88,85,6/9/2021
12_to_19,88,85,7/9/2021
12_to_19,88,85,8/9/2021
12_to_19,89,85,9/9/2021
12_to_19,89,86,10/9/2021
12_to_19,89,86,11/9/2021
12_to_19,89,86,12/9/2021
12_to_19,89,86,13/9/2021
12_to_19,89,86,14/9/2021
12_to_19,89,86,15/9/2021
12_to_19,89,86,16/9/2021
12_to_19,89,86,17/9/2021
12_to_19,89,87,18/9/2021
12_to_19,89,87,19/9/2021
12_to_19,89,87,20/9/2021
12_to_19,89,87,21/9/2021
12_to_19,89,87,22/9/2021
12_to_19,89,87,23/9/2021
12_to_19,89,87,24/9/2021
12_to_19,89,87,25/9/2021
12_to_19,89,87,26/9/2021
12_to_19,89,87,27/9/2021
12_to_19,89,87,28/9/2021
12_to_19,89,88,29/9/2021
12_to_19,90,88,30/9/2021
12_to_19,90,88,1/10/2021
12_to_19,90,88,2/10/2021
12_to_19,90,88,3/10/2021
12_to_19,90,88,4/10/2021
12_to_19,90,88,5/10/2021
12_to_19,90,88,6/10/2021
12_to_19,90,88,7/10/2021
12_to_19,90,88,8/10/2021
12_to_19,91,88,9/10/2021
12_to_19,91,88,10/10/2021
12_to_19,91,88,11/10/2021
12_to_19,91,88,12/10/2021
12_to_19,91,88,13/10/2021
12_to_19,91,89,14/10/2021
12_to_19,92,89,15/10/2021
12_to_19,92,89,16/10/2021
12_to_19,92,89,17/10/2021
12_to_19,92,89,18/10/2021
12_to_19,92,89,19/10/2021
12_to_19,92,89,20/10/2021
12_to_19,92,89,21/10/2021
12_to_19,92,89,22/10/2021
12_to_19,92,89,23/10/2021
12_to_19,92,89,24/10/2021
12_to_19,92,89,25/10/2021
12_to_19,92,89,26/10/2021
12_to_19,93,89,27/10/2021
12_to_19,93,89,28/10/2021
12_to_19,93,90,29/10/2021
12_to_19,93,90,30/10/2021
12_to_19,93,90,31/10/2021
12_to_19,93,90,1/11/2021
12_to_19,93,90,2/11/2021
12_to_19,93,90,3/11/2021
12_to_19,93,90,4/11/2021
12_to_19,93,91,5/11/2021
12_to_19,93,91,6/11/2021
12_to_19,93,91,7/11/2021
12_to_19,93,91,8/11/2021
12_to_19,93,91,9/11/2021
12_to_19,93,91,10/11/2021
12_to_19,93,91,11/11/2021
12_to_19,93,92,12/11/2021
12_to_19,94,92,13/11/2021
12_to_19,94,92,14/11/2021
12_to_19,94,92,15/11/2021
12_to_19,94,92,16/11/2021
12_to_19,94,92,17/11/2021
12_to_19,94,92,18/11/2021
12_to_19,94,92,19/11/2021
12_to_19,94,92,20/11/2021
12_to_19,94,92,21/11/2021
12_to_19,94,92,22/11/2021
12_to_19,94,92,23/11/2021
12_to_19,94,92,24/11/2021
12_to_19,94,92,25/11/2021
12_to_19,94,92,26/11/2021
12_to_19,94,93,27/11/2021
12_to_19,94,93,28/11/2021
12_to_19,94,93,29/11/2021
12_to_19,95,93,30/11/2021
12_to_19,95,93,1/12/2021
12_to_19,95,93,2/12/2021
12_to_19,95,93,3/12/2021
12_to_19,95,93,4/12/2021
12_to_19,95,93,5/12/2021
12_to_19,95,93,6/12/2021
12_to_19,95,93,7/12/2021
12_to_19,95,93,8/12/2021
12_to_19,95,93,9/12/2021
12_to_19,95,93,10/12/2021
12_to_19,95,94,11/12/2021
12_to_19,95,94,12/12/2021
12_to_19,95,94,13/12/2021
12_to_19,95,94,14/12/2021
12_to_19,95,94,15/12/2021
12_to_19,95,94,16/12/2021
12_to_19,95,94,17/12/2021
12_to_19,95,94,18/12/2021
12_to_19,95,94,19/12/2021
12_to_19,95,94,20/12/2021
12_to_19,95,94,21/12/2021
12_to_19,96,94,22/12/2021
12_to_19,96,94,23/12/2021
20_to_29,0,0,30/12/2020
20_to_29,0,0,31/12/2020
20_to_29,0,0,1/1/2021
20_to_29,0,0,2/1/2021
20_to_29,0,0,3/1/2021
20_to_29,0,0,4/1/2021
20_to_29,0,0,5/1/2021
20_to_29,0,0,6/1/2021
20_to_29,0,0,7/1/2021
20_to_29,0,0,8/1/2021
20_to_29,0,0,9/1/2021
20_to_29,0,0,10/1/2021
20_to_29,0,0,11/1/2021
20_to_29,0,0,12/1/2021
20_to_29,0,0,13/1/2021
20_to_29,0,0,14/1/2021
20_to_29,0,0,15/1/2021
20_to_29,1,0,16/1/2021
20_to_29,1,0,17/1/2021
20_to_29,1,0,18/1/2021
20_to_29,1,0,19/1/2021
20_to_29,1,0,20/1/2021
20_to_29,1,0,21/1/2021
20_to_29,2,0,22/1/2021
20_to_29,2,0,23/1/2021
20_to_29,2,0,24/1/2021
20_to_29,2,0,25/1/2021
20_to_29,3,0,26/1/2021
20_to_29,3,0,27/1/2021
20_to_29,3,0,28/1/2021
20_to_29,4,0,29/1/2021
20_to_29,4,0,30/1/2021
20_to_29,4,0,31/1/2021
20_to_29,4,0,1/2/2021
20_to_29,5,0,2/2/2021
20_to_29,5,0,3/2/2021
20_to_29,5,0,4/2/2021
20_to_29,6,0,5/2/2021
20_to_29,6,0,6/2/2021
20_to_29,6,0,7/2/2021
20_to_29,6,1,8/2/2021
20_to_29,6,1,9/2/2021
20_to_29,6,1,10/2/2021
20_to_29,6,1,11/2/2021
20_to_29,6,1,12/2/2021
20_to_29,6,1,13/2/2021
20_to_29,6,1,14/2/2021
20_to_29,6,2,15/2/2021
20_to_29,6,2,16/2/2021
20_to_29,6,2,17/2/2021
20_to_29,6,3,18/2/2021
20_to_29,7,3,19/2/2021
20_to_29,7,3,20/2/2021
20_to_29,7,4,21/2/2021
20_to_29,7,4,22/2/2021
20_to_29,7,4,23/2/2021
20_to_29,7,5,24/2/2021
20_to_29,7,5,25/2/2021
20_to_29,7,5,26/2/2021
20_to_29,7,5,27/2/2021
20_to_29,7,6,28/2/2021
20_to_29,7,6,1/3/2021
20_to_29,8,6,2/3/2021
20_to_29,8,6,3/3/2021
20_to_29,8,6,4/3/2021
20_to_29,8,6,5/3/2021
20_to_29,8,6,6/3/2021
20_to_29,8,6,7/3/2021
20_to_29,8,6,8/3/2021
20_to_29,9,6,9/3/2021
20_to_29,9,6,10/3/2021
20_to_29,9,6,11/3/2021
20_to_29,9,6,12/3/2021
20_to_29,9,6,13/3/2021
20_to_29,9,6,14/3/2021
20_to_29,10,7,15/3/2021
20_to_29,10,7,16/3/2021
20_to_29,10,7,17/3/2021
20_to_29,11,7,18/3/2021
20_to_29,11,7,19/3/2021
20_to_29,11,7,20/3/2021
20_to_29,11,7,21/3/2021
20_to_29,11,7,22/3/2021
20_to_29,11,7,23/3/2021
20_to_29,12,8,24/3/2021
20_to_29,12,8,25/3/2021
20_to_29,12,8,26/3/2021
20_to_29,12,8,27/3/2021
20_to_29,12,8,28/3/2021
20_to_29,12,8,29/3/2021
20_to_29,13,8,30/3/2021
20_to_29,13,9,31/3/2021
20_to_29,13,9,1/4/2021
20_to_29,13,9,2/4/2021
20_to_29,13,9,3/4/2021
20_to_29,13,9,4/4/2021
20_to_29,13,9,5/4/2021
20_to_29,13,9,6/4/2021
20_to_29,14,10,7/4/2021
20_to_29,14,10,8/4/2021
20_to_29,14,10,9/4/2021
20_to_29,14,11,10/4/2021
20_to_29,14,11,11/4/2021
20_to_29,14,11,12/4/2021
20_to_29,15,11,13/4/2021
20_to_29,15,11,14/4/2021
20_to_29,15,12,15/4/2021
20_to_29,15,12,16/4/2021
20_to_29,15,12,17/4/2021
20_to_29,15,12,18/4/2021
20_to_29,15,12,19/4/2021
20_to_29,15,12,20/4/2021
20_to_29,16,12,21/4/2021
20_to_29,16,13,22/4/2021
20_to_29,16,13,23/4/2021
20_to_29,16,13,24/4/2021
20_to_29,16,13,25/4/2021
20_to_29,16,13,26/4/2021
20_to_29,16,13,27/4/2021
20_to_29,17,13,28/4/2021
20_to_29,17,14,29/4/2021
20_to_29,17,14,30/4/2021
20_to_29,17,14,1/5/2021
20_to_29,17,14,2/5/2021
20_to_29,17,14,3/5/2021
20_to_29,18,14,4/5/2021
20_to_29,18,14,5/5/2021
20_to_29,18,14,6/5/2021
20_to_29,18,14,7/5/2021
20_to_29,19,14,8/5/2021
20_to_29,19,14,9/5/2021
20_to_29,19,15,10/5/2021
20_to_29,20,15,11/5/2021
20_to_29,20,15,12/5/2021
20_to_29,20,15,13/5/2021
20_to_29,20,15,14/5/2021
20_to_29,21,15,15/5/2021
20_to_29,21,15,16/5/2021
20_to_29,21,15,17/5/2021
20_to_29,22,15,18/5/2021
20_to_29,22,16,19/5/2021
20_to_29,22,16,20/5/2021
20_to_29,23,16,21/5/2021
20_to_29,23,16,22/5/2021
20_to_29,23,16,23/5/2021
20_to_29,24,16,24/5/2021
20_to_29,24,17,25/5/2021
20_to_29,24,17,26/5/2021
20_to_29,25,17,27/5/2021
20_to_29,25,17,28/5/2021
20_to_29,25,17,29/5/2021
20_to_29,26,17,30/5/2021
20_to_29,26,17,31/5/2021
20_to_29,26,18,1/6/2021
20_to_29,26,18,2/6/2021
20_to_29,27,18,3/6/2021
20_to_29,27,19,4/6/2021
20_to_29,27,19,5/6/2021
20_to_29,27,19,6/6/2021
20_to_29,28,19,7/6/2021
20_to_29,28,20,8/6/2021
20_to_29,29,20,9/6/2021
20_to_29,29,20,10/6/2021
20_to_29,30,21,11/6/2021
20_to_29,31,21,12/6/2021
20_to_29,31,21,13/6/2021
20_to_29,32,22,14/6/2021
20_to_29,33,22,15/6/2021
20_to_29,34,22,16/6/2021
20_to_29,35,23,17/6/2021
20_to_29,36,23,18/6/2021
20_to_29,37,23,19/6/2021
20_to_29,38,24,20/6/2021
20_to_29,39,24,21/6/2021
20_to_29,40,25,22/6/2021
20_to_29,42,25,23/6/2021
20_to_29,43,25,24/6/2021
20_to_29,44,25,25/6/2021
20_to_29,47,26,26/6/2021
20_to_29,49,26,27/6/2021
20_to_29,51,26,28/6/2021
20_to_29,52,27,29/6/2021
20_to_29,54,27,30/6/2021
20_to_29,56,27,1/7/2021
20_to_29,59,27,2/7/2021
20_to_29,61,28,3/7/2021
20_to_29,63,28,4/7/2021
20_to_29,65,28,5/7/2021
20_to_29,67,29,6/7/2021
20_to_29,69,29,7/7/2021
20_to_29,71,29,8/7/2021
20_to_29,73,30,9/7/2021
20_to_29,75,30,10/7/2021
20_to_29,77,31,11/7/2021
20_to_29,78,31,12/7/2021
20_to_29,79,32,13/7/2021
20_to_29,80,33,14/7/2021
20_to_29,81,33,15/7/2021
20_to_29,82,34,16/7/2021
20_to_29,83,35,17/7/2021
20_to_29,83,36,18/7/2021
20_to_29,84,37,19/7/2021
20_to_29,84,37,20/7/2021
20_to_29,84,39,21/7/2021
20_to_29,85,41,22/7/2021
20_to_29,85,42,23/7/2021
20_to_29,86,44,24/7/2021
20_to_29,86,46,25/7/2021
20_to_29,87,48,26/7/2021
20_to_29,87,49,27/7/2021
20_to_29,87,50,28/7/2021
20_to_29,88,52,29/7/2021
20_to_29,88,54,30/7/2021
20_to_29,88,56,31/7/2021
20_to_29,88,58,1/8/2021
20_to_29,88,60,2/8/2021
20_to_29,89,62,3/8/2021
20_to_29,89,64,4/8/2021
20_to_29,89,66,5/8/2021
20_to_29,89,68,6/8/2021
20_to_29,90,70,7/8/2021
20_to_29,90,72,8/8/2021
20_to_29,90,73,9/8/2021
20_to_29,90,75,10/8/2021
20_to_29,91,76,11/8/2021
20_to_29,91,77,12/8/2021
20_to_29,91,79,13/8/2021
20_to_29,91,81,14/8/2021
20_to_29,92,82,15/8/2021
20_to_29,92,83,16/8/2021
20_to_29,92,83,17/8/2021
20_to_29,92,84,18/8/2021
20_to_29,92,84,19/8/2021
20_to_29,93,85,20/8/2021
20_to_29,93,85,21/8/2021
20_to_29,93,85,22/8/2021
20_to_29,93,86,23/8/2021
20_to_29,93,86,24/8/2021
20_to_29,93,86,25/8/2021
20_to_29,93,87,26/8/2021
20_to_29,93,87,27/8/2021
20_to_29,94,87,28/8/2021
20_to_29,94,87,29/8/2021
20_to_29,94,88,30/8/2021
20_to_29,94,88,31/8/2021
20_to_29,94,88,1/9/2021
20_to_29,94,88,2/9/2021
20_to_29,94,89,3/9/2021
20_to_29,94,89,4/9/2021
20_to_29,94,89,5/9/2021
20_to_29,94,90,6/9/2021
20_to_29,94,90,7/9/2021
20_to_29,94,90,8/9/2021
20_to_29,94,90,9/9/2021
20_to_29,94,90,10/9/2021
20_to_29,94,91,11/9/2021
20_to_29,95,91,12/9/2021
20_to_29,95,91,13/9/2021
20_to_29,95,91,14/9/2021
20_to_29,95,91,15/9/2021
20_to_29,95,91,16/9/2021
20_to_29,95,91,17/9/2021
20_to_29,95,92,18/9/2021
20_to_29,95,92,19/9/2021
20_to_29,95,92,20/9/2021
20_to_29,95,92,21/9/2021
20_to_29,95,92,22/9/2021
20_to_29,95,92,23/9/2021
20_to_29,95,92,24/9/2021
20_to_29,95,92,25/9/2021
20_to_29,95,92,26/9/2021
20_to_29,95,92,27/9/2021
20_to_29,95,92,28/9/2021
20_to_29,95,92,29/9/2021
20_to_29,95,93,30/9/2021
20_to_29,95,93,1/10/2021
20_to_29,95,93,2/10/2021
20_to_29,95,93,3/10/2021
20_to_29,95,93,4/10/2021
20_to_29,95,93,5/10/2021
20_to_29,95,93,6/10/2021
20_to_29,96,93,7/10/2021
20_to_29,96,93,8/10/2021
20_to_29,96,93,9/10/2021
20_to_29,96,93,10/10/2021
20_to_29,96,93,11/10/2021
20_to_29,96,93,12/10/2021
20_to_29,96,93,13/10/2021
20_to_29,96,93,14/10/2021
20_to_29,96,93,15/10/2021
20_to_29,96,94,16/10/2021
20_to_29,96,94,17/10/2021
20_to_29,96,94,18/10/2021
20_to_29,96,94,19/10/2021
20_to_29,96,94,20/10/2021
20_to_29,96,94,21/10/2021
20_to_29,96,94,22/10/2021
20_to_29,96,94,23/10/2021
20_to_29,96,94,24/10/2021
20_to_29,96,94,25/10/2021
20_to_29,96,94,26/10/2021
20_to_29,96,94,27/10/2021
20_to_29,96,94,28/10/2021
20_to_29,96,94,29/10/2021
20_to_29,96,94,30/10/2021
20_to_29,96,94,31/10/2021
20_to_29,96,94,1/11/2021
20_to_29,96,94,2/11/2021
20_to_29,96,94,3/11/2021
20_to_29,96,94,4/11/2021
20_to_29,96,94,5/11/2021
20_to_29,96,95,6/11/2021
20_to_29,96,95,7/11/2021
20_to_29,97,95,8/11/2021
20_to_29,97,95,9/11/2021
20_to_29,97,95,10/11/2021
20_to_29,97,95,11/11/2021
20_to_29,97,95,12/11/2021
20_to_29,97,95,13/11/2021
20_to_29,97,95,14/11/2021
20_to_29,97,95,15/11/2021
20_to_29,97,95,16/11/2021
20_to_29,97,95,17/11/2021
20_to_29,97,95,18/11/2021
20_to_29,97,95,19/11/2021
20_to_29,97,95,20/11/2021
20_to_29,97,95,21/11/2021
20_to_29,97,95,22/11/2021
20_to_29,97,95,23/11/2021
20_to_29,97,95,24/11/2021
20_to_29,97,96,25/11/2021
20_to_29,97,96,26/11/2021
20_to_29,97,96,27/11/2021
20_to_29,97,96,28/11/2021
20_to_29,97,96,29/11/2021
20_to_29,97,96,30/11/2021
20_to_29,97,96,1/12/2021
20_to_29,97,96,2/12/2021
20_to_29,97,96,3/12/2021
20_to_29,97,96,4/12/2021
20_to_29,97,96,5/12/2021
20_to_29,97,96,6/12/2021
20_to_29,97,96,7/12/2021
20_to_29,97,96,8/12/2021
20_to_29,97,96,9/12/2021
20_to_29,97,96,10/12/2021
20_to_29,97,97,11/12/2021
20_to_29,97,97,12/12/2021
20_to_29,97,97,13/12/2021
20_to_29,97,97,14/12/2021
20_to_29,97,97,15/12/2021
20_to_29,97,97,16/12/2021
20_to_29,97,97,17/12/2021
20_to_29,97,97,18/12/2021
20_to_29,97,97,19/12/2021
20_to_29,97,97,20/12/2021
20_to_29,97,97,21/12/2021
20_to_29,97,97,22/12/2021
20_to_29,97,97,23/12/2021
30_to_39,0,0,30/12/2020
30_to_39,0,0,31/12/2020
30_to_39,0,0,1/1/2021
30_to_39,0,0,2/1/2021
30_to_39,0,0,3/1/2021
30_to_39,0,0,4/1/2021
30_to_39,0,0,5/1/2021
30_to_39,0,0,6/1/2021
30_to_39,0,0,7/1/2021
30_to_39,0,0,8/1/2021
30_to_39,0,0,9/1/2021
30_to_39,0,0,10/1/2021
30_to_39,0,0,11/1/2021
30_to_39,0,0,12/1/2021
30_to_39,0,0,13/1/2021
30_to_39,0,0,14/1/2021
30_to_39,1,0,15/1/2021
30_to_39,1,0,16/1/2021
30_to_39,1,0,17/1/2021
30_to_39,1,0,18/1/2021
30_to_39,1,0,19/1/2021
30_to_39,1,0,20/1/2021
30_to_39,2,0,21/1/2021
30_to_39,2,0,22/1/2021
30_to_39,2,0,23/1/2021
30_to_39,2,0,24/1/2021
30_to_39,2,0,25/1/2021
30_to_39,3,0,26/1/2021
30_to_39,3,0,27/1/2021
30_to_39,3,0,28/1/2021
30_to_39,4,0,29/1/2021
30_to_39,4,0,30/1/2021
30_to_39,4,0,31/1/2021
30_to_39,4,0,1/2/2021
30_to_39,4,0,2/2/2021
30_to_39,5,0,3/2/2021
30_to_39,5,0,4/2/2021
30_to_39,5,1,5/2/2021
30_to_39,5,1,6/2/2021
30_to_39,5,1,7/2/2021
30_to_39,5,1,8/2/2021
30_to_39,5,1,9/2/2021
30_to_39,6,1,10/2/2021
30_to_39,6,1,11/2/2021
30_to_39,6,1,12/2/2021
30_to_39,6,1,13/2/2021
30_to_39,6,1,14/2/2021
30_to_39,6,2,15/2/2021
30_to_39,6,2,16/2/2021
30_to_39,6,3,17/2/2021
30_to_39,6,3,18/2/2021
30_to_39,6,3,19/2/2021
30_to_39,6,3,20/2/2021
30_to_39,6,4,21/2/2021
30_to_39,6,4,22/2/2021
30_to_39,6,4,23/2/2021
30_to_39,6,4,24/2/2021
30_to_39,6,5,25/2/2021
30_to_39,6,5,26/2/2021
30_to_39,7,5,27/2/2021
30_to_39,7,5,28/2/2021
30_to_39,7,5,1/3/2021
30_to_39,7,5,2/3/2021
30_to_39,7,5,3/3/2021
30_to_39,7,5,4/3/2021
30_to_39,7,5,5/3/2021
30_to_39,7,5,6/3/2021
30_to_39,7,5,7/3/2021
30_to_39,7,5,8/3/2021
30_to_39,8,6,9/3/2021
30_to_39,8,6,10/3/2021
30_to_39,8,6,11/3/2021
30_to_39,8,6,12/3/2021
30_to_39,8,6,13/3/2021
30_to_39,8,6,14/3/2021
30_to_39,9,6,15/3/2021
30_to_39,9,6,16/3/2021
30_to_39,9,6,17/3/2021
30_to_39,9,6,18/3/2021
30_to_39,10,6,19/3/2021
30_to_39,10,6,20/3/2021
30_to_39,10,6,21/3/2021
30_to_39,10,7,22/3/2021
30_to_39,10,7,23/3/2021
30_to_39,10,7,24/3/2021
30_to_39,10,7,25/3/2021
30_to_39,11,7,26/3/2021
30_to_39,11,7,27/3/2021
30_to_39,11,7,28/3/2021
30_to_39,11,7,29/3/2021
30_to_39,11,7,30/3/2021
30_to_39,11,8,31/3/2021
30_to_39,11,8,1/4/2021
30_to_39,11,8,2/4/2021
30_to_39,12,8,3/4/2021
30_to_39,12,8,4/4/2021
30_to_39,12,8,5/4/2021
30_to_39,12,8,6/4/2021
30_to_39,12,9,7/4/2021
30_to_39,12,9,8/4/2021
30_to_39,12,9,9/4/2021
30_to_39,12,9,10/4/2021
30_to_39,13,9,11/4/2021
30_to_39,13,10,12/4/2021
30_to_39,13,10,13/4/2021
30_to_39,13,10,14/4/2021
30_to_39,13,10,15/4/2021
30_to_39,13,10,16/4/2021
30_to_39,13,10,17/4/2021
30_to_39,13,11,18/4/2021
30_to_39,13,11,19/4/2021
30_to_39,13,11,20/4/2021
30_to_39,14,11,21/4/2021
30_to_39,14,11,22/4/2021
30_to_39,14,11,23/4/2021
30_to_39,14,11,24/4/2021
30_to_39,14,11,25/4/2021
30_to_39,14,12,26/4/2021
30_to_39,14,12,27/4/2021
30_to_39,14,12,28/4/2021
30_to_39,15,12,29/4/2021
30_to_39,15,12,30/4/2021
30_to_39,15,12,1/5/2021
30_to_39,15,12,2/5/2021
30_to_39,15,12,3/5/2021
30_to_39,15,12,4/5/2021
30_to_39,15,12,5/5/2021
30_to_39,16,12,6/5/2021
30_to_39,16,13,7/5/2021
30_to_39,16,13,8/5/2021
30_to_39,16,13,9/5/2021
30_to_39,16,13,10/5/2021
30_to_39,17,13,11/5/2021
30_to_39,17,13,12/5/2021
30_to_39,17,13,13/5/2021
30_to_39,17,13,14/5/2021
30_to_39,17,13,15/5/2021
30_to_39,17,13,16/5/2021
30_to_39,18,13,17/5/2021
30_to_39,18,14,18/5/2021
30_to_39,18,14,19/5/2021
30_to_39,19,14,20/5/2021
30_to_39,19,14,21/5/2021
30_to_39,19,14,22/5/2021
30_to_39,19,14,23/5/2021
30_to_39,20,14,24/5/2021
30_to_39,20,14,25/5/2021
30_to_39,20,14,26/5/2021
30_to_39,21,15,27/5/2021
30_to_39,21,15,28/5/2021
30_to_39,21,15,29/5/2021
30_to_39,21,15,30/5/2021
30_to_39,22,15,31/5/2021
30_to_39,22,15,1/6/2021
30_to_39,22,15,2/6/2021
30_to_39,22,15,3/6/2021
30_to_39,23,16,4/6/2021
30_to_39,23,16,5/6/2021
30_to_39,23,16,6/6/2021
30_to_39,23,16,7/6/2021
30_to_39,24,17,8/6/2021
30_to_39,24,17,9/6/2021
30_to_39,24,17,10/6/2021
30_to_39,24,17,11/6/2021
30_to_39,25,17,12/6/2021
30_to_39,25,18,13/6/2021
30_to_39,26,18,14/6/2021
30_to_39,27,18,15/6/2021
30_to_39,27,19,16/6/2021
30_to_39,28,19,17/6/2021
30_to_39,29,19,18/6/2021
30_to_39,30,20,19/6/2021
30_to_39,30,20,20/6/2021
30_to_39,31,20,21/6/2021
30_to_39,32,21,22/6/2021
30_to_39,34,21,23/6/2021
30_to_39,35,21,24/6/2021
30_to_39,36,22,25/6/2021
30_to_39,38,22,26/6/2021
30_to_39,39,22,27/6/2021
30_to_39,41,23,28/6/2021
30_to_39,43,23,29/6/2021
30_to_39,45,23,30/6/2021
30_to_39,48,24,1/7/2021
30_to_39,51,24,2/7/2021
30_to_39,54,24,3/7/2021
30_to_39,57,25,4/7/2021
30_to_39,60,25,5/7/2021
30_to_39,63,25,6/7/2021
30_to_39,66,25,7/7/2021
30_to_39,69,26,8/7/2021
30_to_39,72,26,9/7/2021
30_to_39,74,26,10/7/2021
30_to_39,76,27,11/7/2021
30_to_39,77,27,12/7/2021
30_to_39,79,28,13/7/2021
30_to_39,79,28,14/7/2021
30_to_39,80,29,15/7/2021
30_to_39,81,29,16/7/2021
30_to_39,82,30,17/7/2021
30_to_39,83,31,18/7/2021
30_to_39,83,32,19/7/2021
30_to_39,83,32,20/7/2021
30_to_39,84,33,21/7/2021
30_to_39,84,34,22/7/2021
30_to_39,85,36,23/7/2021
30_to_39,85,37,24/7/2021
30_to_39,86,39,25/7/2021
30_to_39,86,40,26/7/2021
30_to_39,86,42,27/7/2021
30_to_39,87,44,28/7/2021
30_to_39,87,46,29/7/2021
30_to_39,87,48,30/7/2021
30_to_39,88,51,31/7/2021
30_to_39,88,53,1/8/2021
30_to_39,88,55,2/8/2021
30_to_39,88,58,3/8/2021
30_to_39,88,60,4/8/2021
30_to_39,89,63,5/8/2021
30_to_39,89,66,6/8/2021
30_to_39,89,68,7/8/2021
30_to_39,89,70,8/8/2021
30_to_39,89,71,9/8/2021
30_to_39,90,73,10/8/2021
30_to_39,90,75,11/8/2021
30_to_39,90,76,12/8/2021
30_to_39,91,78,13/8/2021
30_to_39,91,80,14/8/2021
30_to_39,91,81,15/8/2021
30_to_39,91,81,16/8/2021
30_to_39,91,82,17/8/2021
30_to_39,92,82,18/8/2021
30_to_39,92,83,19/8/2021
30_to_39,92,83,20/8/2021
30_to_39,92,84,21/8/2021
30_to_39,92,84,22/8/2021
30_to_39,92,84,23/8/2021
30_to_39,92,85,24/8/2021
30_to_39,93,85,25/8/2021
30_to_39,93,85,26/8/2021
30_to_39,93,85,27/8/2021
30_to_39,93,86,28/8/2021
30_to_39,93,86,29/8/2021
30_to_39,93,86,30/8/2021
30_to_39,93,86,31/8/2021
30_to_39,93,87,1/9/2021
30_to_39,93,87,2/9/2021
30_to_39,93,87,3/9/2021
30_to_39,94,88,4/9/2021
30_to_39,94,88,5/9/2021
30_to_39,94,88,6/9/2021
30_to_39,94,88,7/9/2021
30_to_39,94,88,8/9/2021
30_to_39,94,89,9/9/2021
30_to_39,94,89,10/9/2021
30_to_39,94,89,11/9/2021
30_to_39,94,89,12/9/2021
30_to_39,94,89,13/9/2021
30_to_39,94,89,14/9/2021
30_to_39,94,90,15/9/2021
30_to_39,94,90,16/9/2021
30_to_39,94,90,17/9/2021
30_to_39,94,90,18/9/2021
30_to_39,94,90,19/9/2021
30_to_39,95,90,20/9/2021
30_to_39,95,90,21/9/2021
30_to_39,95,90,22/9/2021
30_to_39,95,90,23/9/2021
30_to_39,95,91,24/9/2021
30_to_39,95,91,25/9/2021
30_to_39,95,91,26/9/2021
30_to_39,95,91,27/9/2021
30_to_39,95,91,28/9/2021
30_to_39,95,91,29/9/2021
30_to_39,95,91,30/9/2021
30_to_39,95,91,1/10/2021
30_to_39,95,91,2/10/2021
30_to_39,95,91,3/10/2021
30_to_39,95,91,4/10/2021
30_to_39,95,91,5/10/2021
30_to_39,95,91,6/10/2021
30_to_39,95,92,7/10/2021
30_to_39,95,92,8/10/2021
30_to_39,95,92,9/10/2021
30_to_39,95,92,10/10/2021
30_to_39,96,92,11/10/2021
30_to_39,96,92,12/10/2021
30_to_39,96,92,13/10/2021
30_to_39,96,92,14/10/2021
30_to_39,96,92,15/10/2021
30_to_39,96,92,16/10/2021
30_to_39,96,92,17/10/2021
30_to_39,96,92,18/10/2021
30_to_39,96,92,19/10/2021
30_to_39,96,92,20/10/2021
30_to_39,96,93,21/10/2021
30_to_39,96,93,22/10/2021
30_to_39,96,93,23/10/2021
30_to_39,96,93,24/10/2021
30_to_39,96,93,25/10/2021
30_to_39,96,93,26/10/2021
30_to_39,96,93,27/10/2021
30_to_39,96,93,28/10/2021
30_to_39,96,93,29/10/2021
30_to_39,96,93,30/10/2021
30_to_39,96,93,31/10/2021
30_to_39,96,93,1/11/2021
30_to_39,96,93,2/11/2021
30_to_39,96,93,3/11/2021
30_to_39,96,93,4/11/2021
30_to_39,96,94,5/11/2021
30_to_39,96,94,6/11/2021
30_to_39,96,94,7/11/2021
30_to_39,96,94,8/11/2021
30_to_39,96,94,9/11/2021
30_to_39,96,94,10/11/2021
30_to_39,97,94,11/11/2021
30_to_39,97,94,12/11/2021
30_to_39,97,94,13/11/2021
30_to_39,97,94,14/11/2021
30_to_39,97,94,15/11/2021
30_to_39,97,94,16/11/2021
30_to_39,97,95,17/11/2021
30_to_39,97,95,18/11/2021
30_to_39,97,95,19/11/2021
30_to_39,97,95,20/11/2021
30_to_39,97,95,21/11/2021
30_to_39,97,95,22/11/2021
30_to_39,97,95,23/11/2021
30_to_39,97,95,24/11/2021
30_to_39,97,95,25/11/2021
30_to_39,97,95,26/11/2021
30_to_39,97,95,27/11/2021
30_to_39,97,95,28/11/2021
30_to_39,97,95,29/11/2021
30_to_39,97,95,30/11/2021
30_to_39,97,95,1/12/2021
30_to_39,97,96,2/12/2021
30_to_39,97,96,3/12/2021
30_to_39,97,96,4/12/2021
30_to_39,97,96,5/12/2021
30_to_39,97,96,6/12/2021
30_to_39,97,96,7/12/2021
30_to_39,97,96,8/12/2021
30_to_39,97,96,9/12/2021
30_to_39,97,96,10/12/2021
30_to_39,97,96,11/12/2021
30_to_39,97,96,12/12/2021
30_to_39,97,96,13/12/2021
30_to_39,97,96,14/12/2021
30_to_39,97,97,15/12/2021
30_to_39,97,97,16/12/2021
30_to_39,97,97,17/12/2021
30_to_39,97,97,18/12/2021
30_to_39,97,97,19/12/2021
30_to_39,97,97,20/12/2021
30_to_39,97,97,21/12/2021
30_to_39,97,97,22/12/2021
30_to_39,97,97,23/12/2021
40_to_49,0,0,30/12/2020
40_to_49,0,0,31/12/2020
40_to_49,0,0,1/1/2021
40_to_49,0,0,2/1/2021
40_to_49,0,0,3/1/2021
40_to_49,0,0,4/1/2021
40_to_49,0,0,5/1/2021
40_to_49,0,0,6/1/2021
40_to_49,0,0,7/1/2021
40_to_49,0,0,8/1/2021
40_to_49,0,0,9/1/2021
40_to_49,0,0,10/1/2021
40_to_49,0,0,11/1/2021
40_to_49,0,0,12/1/2021
40_to_49,0,0,13/1/2021
40_to_49,0,0,14/1/2021
40_to_49,1,0,15/1/2021
40_to_49,1,0,16/1/2021
40_to_49,1,0,17/1/2021
40_to_49,1,0,18/1/2021
40_to_49,1,0,19/1/2021
40_to_49,1,0,20/1/2021
40_to_49,1,0,21/1/2021
40_to_49,2,0,22/1/2021
40_to_49,2,0,23/1/2021
40_to_49,2,0,24/1/2021
40_to_49,2,0,25/1/2021
40_to_49,2,0,26/1/2021
40_to_49,3,0,27/1/2021
40_to_49,3,0,28/1/2021
40_to_49,3,0,29/1/2021
40_to_49,4,0,30/1/2021
40_to_49,4,0,31/1/2021
40_to_49,4,0,1/2/2021
40_to_49,4,0,2/2/2021
40_to_49,4,0,3/2/2021
40_to_49,5,0,4/2/2021
40_to_49,5,0,5/2/2021
40_to_49,5,1,6/2/2021
40_to_49,5,1,7/2/2021
40_to_49,5,1,8/2/2021
40_to_49,5,1,9/2/2021
40_to_49,5,1,10/2/2021
40_to_49,5,1,11/2/2021
40_to_49,5,1,12/2/2021
40_to_49,5,1,13/2/2021
40_to_49,5,1,14/2/2021
40_to_49,5,2,15/2/2021
40_to_49,5,2,16/2/2021
40_to_49,5,2,17/2/2021
40_to_49,5,3,18/2/2021
40_to_49,5,3,19/2/2021
40_to_49,5,3,20/2/2021
40_to_49,5,3,21/2/2021
40_to_49,6,4,22/2/2021
40_to_49,6,4,23/2/2021
40_to_49,6,4,24/2/2021
40_to_49,6,4,25/2/2021
40_to_49,6,5,26/2/2021
40_to_49,6,5,27/2/2021
40_to_49,6,5,28/2/2021
40_to_49,6,5,1/3/2021
40_to_49,6,5,2/3/2021
40_to_49,7,5,3/3/2021
40_to_49,7,5,4/3/2021
40_to_49,7,5,5/3/2021
40_to_49,7,5,6/3/2021
40_to_49,7,5,7/3/2021
40_to_49,7,5,8/3/2021
40_to_49,7,5,9/3/2021
40_to_49,7,5,10/3/2021
40_to_49,8,5,11/3/2021
40_to_49,8,5,12/3/2021
40_to_49,8,5,13/3/2021
40_to_49,8,5,14/3/2021
40_to_49,8,5,15/3/2021
40_to_49,9,5,16/3/2021
40_to_49,9,6,17/3/2021
40_to_49,9,6,18/3/2021
40_to_49,9,6,19/3/2021
40_to_49,10,6,20/3/2021
40_to_49,10,6,21/3/2021
40_to_49,10,6,22/3/2021
40_to_49,10,6,23/3/2021
40_to_49,10,6,24/3/2021
40_to_49,10,7,25/3/2021
40_to_49,11,7,26/3/2021
40_to_49,11,7,27/3/2021
40_to_49,11,7,28/3/2021
40_to_49,11,7,29/3/2021
40_to_49,12,7,30/3/2021
40_to_49,12,7,31/3/2021
40_to_49,12,7,1/4/2021
40_to_49,12,8,2/4/2021
40_to_49,13,8,3/4/2021
40_to_49,13,8,4/4/2021
40_to_49,14,8,5/4/2021
40_to_49,14,8,6/4/2021
40_to_49,15,8,7/4/2021
40_to_49,15,9,8/4/2021
40_to_49,16,9,9/4/2021
40_to_49,16,9,10/4/2021
40_to_49,17,9,11/4/2021
40_to_49,17,10,12/4/2021
40_to_49,18,10,13/4/2021
40_to_49,18,10,14/4/2021
40_to_49,19,10,15/4/2021
40_to_49,19,10,16/4/2021
40_to_49,20,10,17/4/2021
40_to_49,20,10,18/4/2021
40_to_49,20,11,19/4/2021
40_to_49,21,11,20/4/2021
40_to_49,22,11,21/4/2021
40_to_49,22,11,22/4/2021
40_to_49,23,12,23/4/2021
40_to_49,24,12,24/4/2021
40_to_49,24,12,25/4/2021
40_to_49,25,12,26/4/2021
40_to_49,26,13,27/4/2021
40_to_49,26,13,28/4/2021
40_to_49,27,14,29/4/2021
40_to_49,28,14,30/4/2021
40_to_49,29,15,1/5/2021
40_to_49,29,15,2/5/2021
40_to_49,30,15,3/5/2021
40_to_49,31,16,4/5/2021
40_to_49,31,16,5/5/2021
40_to_49,32,16,6/5/2021
40_to_49,33,17,7/5/2021
40_to_49,33,17,8/5/2021
40_to_49,34,18,9/5/2021
40_to_49,35,18,10/5/2021
40_to_49,36,19,11/5/2021
40_to_49,36,19,12/5/2021
40_to_49,36,19,13/5/2021
40_to_49,37,20,14/5/2021
40_to_49,37,21,15/5/2021
40_to_49,38,22,16/5/2021
40_to_49,38,23,17/5/2021
40_to_49,39,23,18/5/2021
40_to_49,39,24,19/5/2021
40_to_49,41,25,20/5/2021
40_to_49,42,26,21/5/2021
40_to_49,42,27,22/5/2021
40_to_49,43,27,23/5/2021
40_to_49,45,28,24/5/2021
40_to_49,46,29,25/5/2021
40_to_49,48,29,26/5/2021
40_to_49,49,30,27/5/2021
40_to_49,50,31,28/5/2021
40_to_49,52,31,29/5/2021
40_to_49,53,32,30/5/2021
40_to_49,54,33,31/5/2021
40_to_49,55,34,1/6/2021
40_to_49,58,34,2/6/2021
40_to_49,60,34,3/6/2021
40_to_49,62,35,4/6/2021
40_to_49,64,36,5/6/2021
40_to_49,65,36,6/6/2021
40_to_49,66,37,7/6/2021
40_to_49,67,37,8/6/2021
40_to_49,68,38,9/6/2021
40_to_49,68,38,10/6/2021
40_to_49,69,38,11/6/2021
40_to_49,70,39,12/6/2021
40_to_49,70,39,13/6/2021
40_to_49,71,40,14/6/2021
40_to_49,71,40,15/6/2021
40_to_49,72,40,16/6/2021
40_to_49,73,41,17/6/2021
40_to_49,74,41,18/6/2021
40_to_49,74,42,19/6/2021
40_to_49,74,42,20/6/2021
40_to_49,75,42,21/6/2021
40_to_49,76,43,22/6/2021
40_to_49,76,43,23/6/2021
40_to_49,77,43,24/6/2021
40_to_49,77,44,25/6/2021
40_to_49,78,44,26/6/2021
40_to_49,78,44,27/6/2021
40_to_49,79,44,28/6/2021
40_to_49,80,45,29/6/2021
40_to_49,81,45,30/6/2021
40_to_49,81,46,1/7/2021
40_to_49,82,47,2/7/2021
40_to_49,83,48,3/7/2021
40_to_49,83,49,4/7/2021
40_to_49,83,51,5/7/2021
40_to_49,84,52,6/7/2021
40_to_49,84,53,7/7/2021
40_to_49,85,54,8/7/2021
40_to_49,85,55,9/7/2021
40_to_49,86,57,10/7/2021
40_to_49,86,58,11/7/2021
40_to_49,86,59,12/7/2021
40_to_49,87,61,13/7/2021
40_to_49,87,62,14/7/2021
40_to_49,88,64,15/7/2021
40_to_49,88,67,16/7/2021
40_to_49,88,68,17/7/2021
40_to_49,88,70,18/7/2021
40_to_49,89,70,19/7/2021
40_to_49,89,70,20/7/2021
40_to_49,89,71,21/7/2021
40_to_49,89,72,22/7/2021
40_to_49,89,74,23/7/2021
40_to_49,89,74,24/7/2021
40_to_49,90,75,25/7/2021
40_to_49,90,76,26/7/2021
40_to_49,90,76,27/7/2021
40_to_49,90,77,28/7/2021
40_to_49,90,77,29/7/2021
40_to_49,91,78,30/7/2021
40_to_49,91,79,31/7/2021
40_to_49,91,79,1/8/2021
40_to_49,91,80,2/8/2021
40_to_49,91,80,3/8/2021
40_to_49,91,80,4/8/2021
40_to_49,91,81,5/8/2021
40_to_49,91,82,6/8/2021
40_to_49,92,82,7/8/2021
40_to_49,92,83,8/8/2021
40_to_49,92,83,9/8/2021
40_to_49,92,83,10/8/2021
40_to_49,92,84,11/8/2021
40_to_49,92,84,12/8/2021
40_to_49,93,85,13/8/2021
40_to_49,93,86,14/8/2021
40_to_49,93,86,15/8/2021
40_to_49,93,86,16/8/2021
40_to_49,93,87,17/8/2021
40_to_49,93,87,18/8/2021
40_to_49,93,87,19/8/2021
40_to_49,93,88,20/8/2021
40_to_49,94,88,21/8/2021
40_to_49,94,88,22/8/2021
40_to_49,94,88,23/8/2021
40_to_49,94,88,24/8/2021
40_to_49,94,88,25/8/2021
40_to_49,94,89,26/8/2021
40_to_49,94,89,27/8/2021
40_to_49,94,89,28/8/2021
40_to_49,94,89,29/8/2021
40_to_49,94,89,30/8/2021
40_to_49,94,90,31/8/2021
40_to_49,94,90,1/9/2021
40_to_49,94,90,2/9/2021
40_to_49,94,90,3/9/2021
40_to_49,94,90,4/9/2021
40_to_49,94,90,5/9/2021
40_to_49,95,91,6/9/2021
40_to_49,95,91,7/9/2021
40_to_49,95,91,8/9/2021
40_to_49,95,91,9/9/2021
40_to_49,95,91,10/9/2021
40_to_49,95,91,11/9/2021
40_to_49,95,91,12/9/2021
40_to_49,95,91,13/9/2021
40_to_49,95,91,14/9/2021
40_to_49,95,92,15/9/2021
40_to_49,95,92,16/9/2021
40_to_49,95,92,17/9/2021
40_to_49,95,92,18/9/2021
40_to_49,95,92,19/9/2021
40_to_49,95,92,20/9/2021
40_to_49,95,92,21/9/2021
40_to_49,95,92,22/9/2021
40_to_49,95,92,23/9/2021
40_to_49,95,92,24/9/2021
40_to_49,95,92,25/9/2021
40_to_49,95,92,26/9/2021
40_to_49,95,92,27/9/2021
40_to_49,95,92,28/9/2021
40_to_49,96,93,29/9/2021
40_to_49,96,93,30/9/2021
40_to_49,96,93,1/10/2021
40_to_49,96,93,2/10/2021
40_to_49,96,93,3/10/2021
40_to_49,96,93,4/10/2021
40_to_49,96,93,5/10/2021
40_to_49,96,93,6/10/2021
40_to_49,96,93,7/10/2021
40_to_49,96,93,8/10/2021
40_to_49,96,93,9/10/2021
40_to_49,96,93,10/10/2021
40_to_49,96,93,11/10/2021
40_to_49,96,93,12/10/2021
40_to_49,96,93,13/10/2021
40_to_49,96,93,14/10/2021
40_to_49,96,93,15/10/2021
40_to_49,96,93,16/10/2021
40_to_49,96,94,17/10/2021
40_to_49,96,94,18/10/2021
40_to_49,96,94,19/10/2021
40_to_49,96,94,20/10/2021
40_to_49,96,94,21/10/2021
40_to_49,96,94,22/10/2021
40_to_49,96,94,23/10/2021
40_to_49,96,94,24/10/2021
40_to_49,96,94,25/10/2021
40_to_49,96,94,26/10/2021
40_to_49,96,94,27/10/2021
40_to_49,96,94,28/10/2021
40_to_49,96,94,29/10/2021
40_to_49,97,94,30/10/2021
40_to_49,97,94,31/10/2021
40_to_49,97,94,1/11/2021
40_to_49,97,94,2/11/2021
40_to_49,97,94,3/11/2021
40_to_49,97,94,4/11/2021
40_to_49,97,95,5/11/2021
40_to_49,97,95,6/11/2021
40_to_49,97,95,7/11/2021
40_to_49,97,95,8/11/2021
40_to_49,97,95,9/11/2021
40_to_49,97,95,10/11/2021
40_to_49,97,95,11/11/2021
40_to_49,97,95,12/11/2021
40_to_49,97,95,13/11/2021
40_to_49,97,95,14/11/2021
40_to_49,97,95,15/11/2021
40_to_49,97,95,16/11/2021
40_to_49,97,95,17/11/2021
40_to_49,97,95,18/11/2021
40_to_49,97,95,19/11/2021
40_to_49,97,95,20/11/2021
40_to_49,97,95,21/11/2021
40_to_49,97,95,22/11/2021
40_to_49,97,96,23/11/2021
40_to_49,97,96,24/11/2021
40_to_49,97,96,25/11/2021
40_to_49,97,96,26/11/2021
40_to_49,97,96,27/11/2021
40_to_49,97,96,28/11/2021
40_to_49,97,96,29/11/2021
40_to_49,97,96,30/11/2021
40_to_49,97,96,1/12/2021
40_to_49,97,96,2/12/2021
40_to_49,97,96,3/12/2021
40_to_49,97,96,4/12/2021
40_to_49,97,96,5/12/2021
40_to_49,97,96,6/12/2021
40_to_49,97,96,7/12/2021
40_to_49,97,96,8/12/2021
40_to_49,97,96,9/12/2021
40_to_49,97,97,10/12/2021
40_to_49,97,97,11/12/2021
40_to_49,97,97,12/12/2021
40_to_49,97,97,13/12/2021
40_to_49,97,97,14/12/2021
40_to_49,97,97,15/12/2021
40_to_49,97,97,16/12/2021
40_to_49,97,97,17/12/2021
40_to_49,97,97,18/12/2021
40_to_49,97,97,19/12/2021
40_to_49,97,97,20/12/2021
40_to_49,97,97,21/12/2021
40_to_49,97,97,22/12/2021
40_to_49,97,97,23/12/2021
50_to_59,0,0,30/12/2020
50_to_59,0,0,31/12/2020
50_to_59,0,0,1/1/2021
50_to_59,0,0,2/1/2021
50_to_59,0,0,3/1/2021
50_to_59,0,0,4/1/2021
50_to_59,0,0,5/1/2021
50_to_59,0,0,6/1/2021
50_to_59,0,0,7/1/2021
50_to_59,0,0,8/1/2021
50_to_59,0,0,9/1/2021
50_to_59,0,0,10/1/2021
50_to_59,0,0,11/1/2021
50_to_59,0,0,12/1/2021
50_to_59,0,0,13/1/2021
50_to_59,0,0,14/1/2021
50_to_59,1,0,15/1/2021
50_to_59,1,0,16/1/2021
50_to_59,1,0,17/1/2021
50_to_59,1,0,18/1/2021
50_to_59,1,0,19/1/2021
50_to_59,1,0,20/1/2021
50_to_59,1,0,21/1/2021
50_to_59,1,0,22/1/2021
50_to_59,2,0,23/1/2021
50_to_59,2,0,24/1/2021
50_to_59,2,0,25/1/2021
50_to_59,2,0,26/1/2021
50_to_59,3,0,27/1/2021
50_to_59,3,0,28/1/2021
50_to_59,3,0,29/1/2021
50_to_59,3,0,30/1/2021
50_to_59,3,0,31/1/2021
50_to_59,4,0,1/2/2021
50_to_59,4,0,2/2/2021
50_to_59,4,0,3/2/2021
50_to_59,4,0,4/2/2021
50_to_59,4,0,5/2/2021
50_to_59,4,1,6/2/2021
50_to_59,5,1,7/2/2021
50_to_59,5,1,8/2/2021
50_to_59,5,1,9/2/2021
50_to_59,5,1,10/2/2021
50_to_59,5,1,11/2/2021
50_to_59,5,1,12/2/2021
50_to_59,5,1,13/2/2021
50_to_59,5,1,14/2/2021
50_to_59,5,2,15/2/2021
50_to_59,5,2,16/2/2021
50_to_59,5,2,17/2/2021
50_to_59,5,3,18/2/2021
50_to_59,5,3,19/2/2021
50_to_59,5,3,20/2/2021
50_to_59,5,3,21/2/2021
50_to_59,5,3,22/2/2021
50_to_59,5,4,23/2/2021
50_to_59,5,4,24/2/2021
50_to_59,6,4,25/2/2021
50_to_59,6,4,26/2/2021
50_to_59,6,4,27/2/2021
50_to_59,6,4,28/2/2021
50_to_59,6,4,1/3/2021
50_to_59,6,5,2/3/2021
50_to_59,7,5,3/3/2021
50_to_59,7,5,4/3/2021
50_to_59,7,5,5/3/2021
50_to_59,7,5,6/3/2021
50_to_59,7,5,7/3/2021
50_to_59,7,5,8/3/2021
50_to_59,8,5,9/3/2021
50_to_59,8,5,10/3/2021
50_to_59,8,5,11/3/2021
50_to_59,8,5,12/3/2021
50_to_59,8,5,13/3/2021
50_to_59,9,5,14/3/2021
50_to_59,9,5,15/3/2021
50_to_59,9,5,16/3/2021
50_to_59,9,5,17/3/2021
50_to_59,10,5,18/3/2021
50_to_59,10,6,19/3/2021
50_to_59,10,6,20/3/2021
50_to_59,10,6,21/3/2021
50_to_59,10,6,22/3/2021
50_to_59,11,6,23/3/2021
50_to_59,11,6,24/3/2021
50_to_59,11,7,25/3/2021
50_to_59,11,7,26/3/2021
50_to_59,11,7,27/3/2021
50_to_59,12,7,28/3/2021
50_to_59,12,7,29/3/2021
50_to_59,13,7,30/3/2021
50_to_59,13,8,31/3/2021
50_to_59,14,8,1/4/2021
50_to_59,14,8,2/4/2021
50_to_59,15,8,3/4/2021
50_to_59,15,8,4/4/2021
50_to_59,16,8,5/4/2021
50_to_59,17,9,6/4/2021
50_to_59,19,9,7/4/2021
50_to_59,20,9,8/4/2021
50_to_59,20,9,9/4/2021
50_to_59,21,10,10/4/2021
50_to_59,22,10,11/4/2021
50_to_59,23,10,12/4/2021
50_to_59,24,10,13/4/2021
50_to_59,25,10,14/4/2021
50_to_59,26,10,15/4/2021
50_to_59,27,11,16/4/2021
50_to_59,28,11,17/4/2021
50_to_59,29,11,18/4/2021
50_to_59,30,11,19/4/2021
50_to_59,31,12,20/4/2021
50_to_59,32,12,21/4/2021
50_to_59,34,12,22/4/2021
50_to_59,35,13,23/4/2021
50_to_59,37,13,24/4/2021
50_to_59,38,14,25/4/2021
50_to_59,39,14,26/4/2021
50_to_59,41,15,27/4/2021
50_to_59,42,16,28/4/2021
50_to_59,44,17,29/4/2021
50_to_59,46,18,30/4/2021
50_to_59,47,18,1/5/2021
50_to_59,49,19,2/5/2021
50_to_59,50,20,3/5/2021
50_to_59,52,20,4/5/2021
50_to_59,53,21,5/5/2021
50_to_59,55,21,6/5/2021
50_to_59,56,22,7/5/2021
50_to_59,57,23,8/5/2021
50_to_59,59,24,9/5/2021
50_to_59,61,25,10/5/2021
50_to_59,62,26,11/5/2021
50_to_59,62,27,12/5/2021
50_to_59,62,27,13/5/2021
50_to_59,63,30,14/5/2021
50_to_59,64,31,15/5/2021
50_to_59,65,33,16/5/2021
50_to_59,66,34,17/5/2021
50_to_59,67,36,18/5/2021
50_to_59,68,38,19/5/2021
50_to_59,69,39,20/5/2021
50_to_59,69,41,21/5/2021
50_to_59,70,43,22/5/2021
50_to_59,70,45,23/5/2021
50_to_59,71,47,24/5/2021
50_to_59,72,48,25/5/2021
50_to_59,72,49,26/5/2021
50_to_59,73,51,27/5/2021
50_to_59,74,53,28/5/2021
50_to_59,74,54,29/5/2021
50_to_59,75,56,30/5/2021
50_to_59,75,58,31/5/2021
50_to_59,76,59,1/6/2021
50_to_59,76,60,2/6/2021
50_to_59,77,60,3/6/2021
50_to_59,77,61,4/6/2021
50_to_59,78,62,5/6/2021
50_to_59,78,64,6/6/2021
50_to_59,78,64,7/6/2021
50_to_59,78,65,8/6/2021
50_to_59,79,66,9/6/2021
50_to_59,79,66,10/6/2021
50_to_59,79,67,11/6/2021
50_to_59,79,68,12/6/2021
50_to_59,79,68,13/6/2021
50_to_59,80,69,14/6/2021
50_to_59,80,69,15/6/2021
50_to_59,80,70,16/6/2021
50_to_59,80,70,17/6/2021
50_to_59,80,71,18/6/2021
50_to_59,81,71,19/6/2021
50_to_59,81,72,20/6/2021
50_to_59,81,72,21/6/2021
50_to_59,81,72,22/6/2021
50_to_59,82,73,23/6/2021
50_to_59,82,73,24/6/2021
50_to_59,82,73,25/6/2021
50_to_59,82,74,26/6/2021
50_to_59,83,74,27/6/2021
50_to_59,83,74,28/6/2021
50_to_59,84,74,29/6/2021
50_to_59,84,74,30/6/2021
50_to_59,84,74,1/7/2021
50_to_59,85,75,2/7/2021
50_to_59,85,75,3/7/2021
50_to_59,85,75,4/7/2021
50_to_59,85,75,5/7/2021
50_to_59,86,75,6/7/2021
50_to_59,86,75,7/7/2021
50_to_59,86,76,8/7/2021
50_to_59,86,76,9/7/2021
50_to_59,87,76,10/7/2021
50_to_59,87,76,11/7/2021
50_to_59,87,77,12/7/2021
50_to_59,87,77,13/7/2021
50_to_59,88,77,14/7/2021
50_to_59,88,78,15/7/2021
50_to_59,88,78,16/7/2021
50_to_59,88,79,17/7/2021
50_to_59,88,79,18/7/2021
50_to_59,88,79,19/7/2021
50_to_59,88,79,20/7/2021
50_to_59,89,80,21/7/2021
50_to_59,89,80,22/7/2021
50_to_59,89,80,23/7/2021
50_to_59,89,81,24/7/2021
50_to_59,89,81,25/7/2021
50_to_59,89,81,26/7/2021
50_to_59,90,81,27/7/2021
50_to_59,90,82,28/7/2021
50_to_59,90,82,29/7/2021
50_to_59,90,82,30/7/2021
50_to_59,90,82,31/7/2021
50_to_59,90,83,1/8/2021
50_to_59,90,83,2/8/2021
50_to_59,91,83,3/8/2021
50_to_59,91,83,4/8/2021
50_to_59,91,84,5/8/2021
50_to_59,91,84,6/8/2021
50_to_59,91,84,7/8/2021
50_to_59,91,85,8/8/2021
50_to_59,91,85,9/8/2021
50_to_59,91,85,10/8/2021
50_to_59,92,85,11/8/2021
50_to_59,92,86,12/8/2021
50_to_59,92,86,13/8/2021
50_to_59,92,86,14/8/2021
50_to_59,92,86,15/8/2021
50_to_59,92,87,16/8/2021
50_to_59,92,87,17/8/2021
50_to_59,92,87,18/8/2021
50_to_59,93,87,19/8/2021
50_to_59,93,87,20/8/2021
50_to_59,93,88,21/8/2021
50_to_59,93,88,22/8/2021
50_to_59,93,88,23/8/2021
50_to_59,93,88,24/8/2021
50_to_59,93,88,25/8/2021
50_to_59,93,88,26/8/2021
50_to_59,93,89,27/8/2021
50_to_59,93,89,28/8/2021
50_to_59,93,89,29/8/2021
50_to_59,93,89,30/8/2021
50_to_59,93,89,31/8/2021
50_to_59,94,89,1/9/2021
50_to_59,94,89,2/9/2021
50_to_59,94,90,3/9/2021
50_to_59,94,90,4/9/2021
50_to_59,94,90,5/9/2021
50_to_59,94,90,6/9/2021
50_to_59,94,90,7/9/2021
50_to_59,94,90,8/9/2021
50_to_59,94,90,9/9/2021
50_to_59,94,91,10/9/2021
50_to_59,94,91,11/9/2021
50_to_59,94,91,12/9/2021
50_to_59,94,91,13/9/2021
50_to_59,94,91,14/9/2021
50_to_59,94,91,15/9/2021
50_to_59,94,91,16/9/2021
50_to_59,94,91,17/9/2021
50_to_59,94,91,18/9/2021
50_to_59,94,91,19/9/2021
50_to_59,94,91,20/9/2021
50_to_59,95,92,21/9/2021
50_to_59,95,92,22/9/2021
50_to_59,95,92,23/9/2021
50_to_59,95,92,24/9/2021
50_to_59,95,92,25/9/2021
50_to_59,95,92,26/9/2021
50_to_59,95,92,27/9/2021
50_to_59,95,92,28/9/2021
50_to_59,95,92,29/9/2021
50_to_59,95,92,30/9/2021
50_to_59,95,92,1/10/2021
50_to_59,95,92,2/10/2021
50_to_59,95,92,3/10/2021
50_to_59,95,92,4/10/2021
50_to_59,95,92,5/10/2021
50_to_59,95,92,6/10/2021
50_to_59,95,93,7/10/2021
50_to_59,95,93,8/10/2021
50_to_59,95,93,9/10/2021
50_to_59,95,93,10/10/2021
50_to_59,95,93,11/10/2021
50_to_59,95,93,12/10/2021
50_to_59,95,93,13/10/2021
50_to_59,95,93,14/10/2021
50_to_59,95,93,15/10/2021
50_to_59,96,93,16/10/2021
50_to_59,96,93,17/10/2021
50_to_59,96,93,18/10/2021
50_to_59,96,93,19/10/2021
50_to_59,96,93,20/10/2021
50_to_59,96,93,21/10/2021
50_to_59,96,93,22/10/2021
50_to_59,96,93,23/10/2021
50_to_59,96,93,24/10/2021
50_to_59,96,93,25/10/2021
50_to_59,96,94,26/10/2021
50_to_59,96,94,27/10/2021
50_to_59,96,94,28/10/2021
50_to_59,96,94,29/10/2021
50_to_59,96,94,30/10/2021
50_to_59,96,94,31/10/2021
50_to_59,96,94,1/11/2021
50_to_59,96,94,2/11/2021
50_to_59,96,94,3/11/2021
50_to_59,96,94,4/11/2021
50_to_59,96,94,5/11/2021
50_to_59,96,94,6/11/2021
50_to_59,96,94,7/11/2021
50_to_59,96,94,8/11/2021
50_to_59,96,94,9/11/2021
50_to_59,96,94,10/11/2021
50_to_59,96,94,11/11/2021
50_to_59,96,94,12/11/2021
50_to_59,96,95,13/11/2021
50_to_59,96,95,14/11/2021
50_to_59,96,95,15/11/2021
50_to_59,96,95,16/11/2021
50_to_59,96,95,17/11/2021
50_to_59,96,95,18/11/2021
50_to_59,96,95,19/11/2021
50_to_59,96,95,20/11/2021
50_to_59,96,95,21/11/2021
50_to_59,96,95,22/11/2021
50_to_59,96,95,23/11/2021
50_to_59,96,95,24/11/2021
50_to_59,96,95,25/11/2021
50_to_59,96,95,26/11/2021
50_to_59,96,95,27/11/2021
50_to_59,97,95,28/11/2021
50_to_59,97,95,29/11/2021
50_to_59,97,95,30/11/2021
50_to_59,97,95,1/12/2021
50_to_59,97,95,2/12/2021
50_to_59,97,95,3/12/2021
50_to_59,97,96,4/12/2021
50_to_59,97,96,5/12/2021
50_to_59,97,96,6/12/2021
50_to_59,97,96,7/12/2021
50_to_59,97,96,8/12/2021
50_to_59,97,96,9/12/2021
50_to_59,97,96,10/12/2021
50_to_59,97,96,11/12/2021
50_to_59,97,96,12/12/2021
50_to_59,97,96,13/12/2021
50_to_59,97,96,14/12/2021
50_to_59,97,96,15/12/2021
50_to_59,97,96,16/12/2021
50_to_59,97,96,17/12/2021
50_to_59,97,96,18/12/2021
50_to_59,97,96,19/12/2021
50_to_59,97,96,20/12/2021
50_to_59,97,96,21/12/2021
50_to_59,97,96,22/12/2021
50_to_59,97,96,23/12/2021
60_to_69,0,0,30/12/2020
60_to_69,0,0,31/12/2020
60_to_69,0,0,1/1/2021
60_to_69,0,0,2/1/2021
60_to_69,0,0,3/1/2021
60_to_69,0,0,4/1/2021
60_to_69,0,0,5/1/2021
60_to_69,0,0,6/1/2021
60_to_69,0,0,7/1/2021
60_to_69,0,0,8/1/2021
60_to_69,0,0,9/1/2021
60_to_69,0,0,10/1/2021
60_to_69,0,0,11/1/2021
60_to_69,0,0,12/1/2021
60_to_69,0,0,13/1/2021
60_to_69,0,0,14/1/2021
60_to_69,0,0,15/1/2021
60_to_69,0,0,16/1/2021
60_to_69,0,0,17/1/2021
60_to_69,0,0,18/1/2021
60_to_69,1,0,19/1/2021
60_to_69,1,0,20/1/2021
60_to_69,1,0,21/1/2021
60_to_69,1,0,22/1/2021
60_to_69,1,0,23/1/2021
60_to_69,1,0,24/1/2021
60_to_69,1,0,25/1/2021
60_to_69,1,0,26/1/2021
60_to_69,2,0,27/1/2021
60_to_69,2,0,28/1/2021
60_to_69,2,0,29/1/2021
60_to_69,2,0,30/1/2021
60_to_69,2,0,31/1/2021
60_to_69,2,0,1/2/2021
60_to_69,3,0,2/2/2021
60_to_69,3,0,3/2/2021
60_to_69,3,0,4/2/2021
60_to_69,3,0,5/2/2021
60_to_69,3,0,6/2/2021
60_to_69,3,0,7/2/2021
60_to_69,3,0,8/2/2021
60_to_69,3,1,9/2/2021
60_to_69,3,1,10/2/2021
60_to_69,3,1,11/2/2021
60_to_69,3,1,12/2/2021
60_to_69,3,1,13/2/2021
60_to_69,3,1,14/2/2021
60_to_69,3,1,15/2/2021
60_to_69,3,1,16/2/2021
60_to_69,3,1,17/2/2021
60_to_69,3,2,18/2/2021
60_to_69,3,2,19/2/2021
60_to_69,4,2,20/2/2021
60_to_69,4,2,21/2/2021
60_to_69,4,2,22/2/2021
60_to_69,4,2,23/2/2021
60_to_69,4,3,24/2/2021
60_to_69,4,3,25/2/2021
60_to_69,5,3,26/2/2021
60_to_69,5,3,27/2/2021
60_to_69,5,3,28/2/2021
60_to_69,5,3,1/3/2021
60_to_69,6,3,2/3/2021
60_to_69,6,3,3/3/2021
60_to_69,6,3,4/3/2021
60_to_69,6,3,5/3/2021
60_to_69,6,3,6/3/2021
60_to_69,6,3,7/3/2021
60_to_69,7,3,8/3/2021
60_to_69,7,3,9/3/2021
60_to_69,8,3,10/3/2021
60_to_69,9,3,11/3/2021
60_to_69,10,3,12/3/2021
60_to_69,12,3,13/3/2021
60_to_69,14,4,14/3/2021
60_to_69,15,4,15/3/2021
60_to_69,17,4,16/3/2021
60_to_69,20,4,17/3/2021
60_to_69,23,4,18/3/2021
60_to_69,26,4,19/3/2021
60_to_69,29,5,20/3/2021
60_to_69,32,5,21/3/2021
60_to_69,35,5,22/3/2021
60_to_69,37,5,23/3/2021
60_to_69,40,6,24/3/2021
60_to_69,42,6,25/3/2021
60_to_69,44,6,26/3/2021
60_to_69,46,6,27/3/2021
60_to_69,48,6,28/3/2021
60_to_69,51,6,29/3/2021
60_to_69,53,7,30/3/2021
60_to_69,55,8,31/3/2021
60_to_69,57,9,1/4/2021
60_to_69,58,10,2/4/2021
60_to_69,59,11,3/4/2021
60_to_69,61,12,4/4/2021
60_to_69,62,14,5/4/2021
60_to_69,64,16,6/4/2021
60_to_69,65,18,7/4/2021
60_to_69,66,21,8/4/2021
60_to_69,66,24,9/4/2021
60_to_69,67,26,10/4/2021
60_to_69,68,29,11/4/2021
60_to_69,69,32,12/4/2021
60_to_69,69,34,13/4/2021
60_to_69,70,35,14/4/2021
60_to_69,70,37,15/4/2021
60_to_69,71,39,16/4/2021
60_to_69,71,42,17/4/2021
60_to_69,71,43,18/4/2021
60_to_69,72,46,19/4/2021
60_to_69,72,49,20/4/2021
60_to_69,73,50,21/4/2021
60_to_69,73,52,22/4/2021
60_to_69,74,54,23/4/2021
60_to_69,74,56,24/4/2021
60_to_69,75,58,25/4/2021
60_to_69,75,60,26/4/2021
60_to_69,75,61,27/4/2021
60_to_69,76,62,28/4/2021
60_to_69,76,63,29/4/2021
60_to_69,76,64,30/4/2021
60_to_69,76,65,1/5/2021
60_to_69,77,66,2/5/2021
60_to_69,77,67,3/5/2021
60_to_69,77,67,4/5/2021
60_to_69,77,67,5/5/2021
60_to_69,77,68,6/5/2021
60_to_69,78,69,7/5/2021
60_to_69,78,69,8/5/2021
60_to_69,78,69,9/5/2021
60_to_69,78,70,10/5/2021
60_to_69,78,70,11/5/2021
60_to_69,78,71,12/5/2021
60_to_69,78,71,13/5/2021
60_to_69,79,72,14/5/2021
60_to_69,79,72,15/5/2021
60_to_69,79,73,16/5/2021
60_to_69,79,73,17/5/2021
60_to_69,79,74,18/5/2021
60_to_69,80,74,19/5/2021
60_to_69,80,74,20/5/2021
60_to_69,80,75,21/5/2021
60_to_69,80,75,22/5/2021
60_to_69,80,75,23/5/2021
60_to_69,80,76,24/5/2021
60_to_69,81,76,25/5/2021
60_to_69,81,76,26/5/2021
60_to_69,81,76,27/5/2021
60_to_69,81,76,28/5/2021
60_to_69,82,77,29/5/2021
60_to_69,82,77,30/5/2021
60_to_69,82,77,31/5/2021
60_to_69,82,77,1/6/2021
60_to_69,82,77,2/6/2021
60_to_69,83,77,3/6/2021
60_to_69,83,78,4/6/2021
60_to_69,83,78,5/6/2021
60_to_69,83,78,6/6/2021
60_to_69,84,78,7/6/2021
60_to_69,84,78,8/6/2021
60_to_69,84,78,9/6/2021
60_to_69,84,79,10/6/2021
60_to_69,84,79,11/6/2021
60_to_69,84,79,12/6/2021
60_to_69,85,79,13/6/2021
60_to_69,85,79,14/6/2021
60_to_69,85,79,15/6/2021
60_to_69,85,80,16/6/2021
60_to_69,85,80,17/6/2021
60_to_69,85,80,18/6/2021
60_to_69,85,80,19/6/2021
60_to_69,86,80,20/6/2021
60_to_69,86,80,21/6/2021
60_to_69,86,80,22/6/2021
60_to_69,86,80,23/6/2021
60_to_69,86,80,24/6/2021
60_to_69,86,81,25/6/2021
60_to_69,86,81,26/6/2021
60_to_69,86,81,27/6/2021
60_to_69,87,81,28/6/2021
60_to_69,87,81,29/6/2021
60_to_69,87,81,30/6/2021
60_to_69,87,81,1/7/2021
60_to_69,87,81,2/7/2021
60_to_69,87,81,3/7/2021
60_to_69,87,81,4/7/2021
60_to_69,87,81,5/7/2021
60_to_69,88,81,6/7/2021
60_to_69,88,81,7/7/2021
60_to_69,88,81,8/7/2021
60_to_69,88,82,9/7/2021
60_to_69,88,82,10/7/2021
60_to_69,88,82,11/7/2021
60_to_69,88,82,12/7/2021
60_to_69,88,82,13/7/2021
60_to_69,88,82,14/7/2021
60_to_69,89,83,15/7/2021
60_to_69,89,83,16/7/2021
60_to_69,89,83,17/7/2021
60_to_69,89,83,18/7/2021
60_to_69,89,84,19/7/2021
60_to_69,89,84,20/7/2021
60_to_69,89,84,21/7/2021
60_to_69,89,84,22/7/2021
60_to_69,90,84,23/7/2021
60_to_69,90,84,24/7/2021
60_to_69,90,85,25/7/2021
60_to_69,90,85,26/7/2021
60_to_69,90,85,27/7/2021
60_to_69,90,85,28/7/2021
60_to_69,90,85,29/7/2021
60_to_69,91,85,30/7/2021
60_to_69,91,86,31/7/2021
60_to_69,91,86,1/8/2021
60_to_69,91,86,2/8/2021
60_to_69,91,86,3/8/2021
60_to_69,91,86,4/8/2021
60_to_69,91,86,5/8/2021
60_to_69,91,86,6/8/2021
60_to_69,91,87,7/8/2021
60_to_69,92,87,8/8/2021
60_to_69,92,87,9/8/2021
60_to_69,92,87,10/8/2021
60_to_69,92,87,11/8/2021
60_to_69,92,87,12/8/2021
60_to_69,92,88,13/8/2021
60_to_69,92,88,14/8/2021
60_to_69,92,88,15/8/2021
60_to_69,92,88,16/8/2021
60_to_69,92,88,17/8/2021
60_to_69,92,88,18/8/2021
60_to_69,92,88,19/8/2021
60_to_69,93,89,20/8/2021
60_to_69,93,89,21/8/2021
60_to_69,93,89,22/8/2021
60_to_69,93,89,23/8/2021
60_to_69,93,89,24/8/2021
60_to_69,93,89,25/8/2021
60_to_69,93,89,26/8/2021
60_to_69,93,89,27/8/2021
60_to_69,93,89,28/8/2021
60_to_69,93,90,29/8/2021
60_to_69,93,90,30/8/2021
60_to_69,93,90,31/8/2021
60_to_69,93,90,1/9/2021
60_to_69,93,90,2/9/2021
60_to_69,93,90,3/9/2021
60_to_69,93,90,4/9/2021
60_to_69,93,90,5/9/2021
60_to_69,93,90,6/9/2021
60_to_69,94,90,7/9/2021
60_to_69,94,91,8/9/2021
60_to_69,94,91,9/9/2021
60_to_69,94,91,10/9/2021
60_to_69,94,91,11/9/2021
60_to_69,94,91,12/9/2021
60_to_69,94,91,13/9/2021
60_to_69,94,91,14/9/2021
60_to_69,94,91,15/9/2021
60_to_69,94,91,16/9/2021
60_to_69,94,91,17/9/2021
60_to_69,94,91,18/9/2021
60_to_69,94,91,19/9/2021
60_to_69,94,91,20/9/2021
60_to_69,94,91,21/9/2021
60_to_69,94,92,22/9/2021
60_to_69,94,92,23/9/2021
60_to_69,94,92,24/9/2021
60_to_69,94,92,25/9/2021
60_to_69,94,92,26/9/2021
60_to_69,95,92,27/9/2021
60_to_69,95,92,28/9/2021
60_to_69,95,92,29/9/2021
60_to_69,95,92,30/9/2021
60_to_69,95,92,1/10/2021
60_to_69,95,92,2/10/2021
60_to_69,95,92,3/10/2021
60_to_69,95,92,4/10/2021
60_to_69,95,92,5/10/2021
60_to_69,95,92,6/10/2021
60_to_69,95,92,7/10/2021
60_to_69,95,92,8/10/2021
60_to_69,95,93,9/10/2021
60_to_69,95,93,10/10/2021
60_to_69,95,93,11/10/2021
60_to_69,95,93,12/10/2021
60_to_69,95,93,13/10/2021
60_to_69,95,93,14/10/2021
60_to_69,95,93,15/10/2021
60_to_69,95,93,16/10/2021
60_to_69,95,93,17/10/2021
60_to_69,95,93,18/10/2021
60_to_69,95,93,19/10/2021
60_to_69,95,93,20/10/2021
60_to_69,95,93,21/10/2021
60_to_69,95,93,22/10/2021
60_to_69,95,93,23/10/2021
60_to_69,95,93,24/10/2021
60_to_69,96,93,25/10/2021
60_to_69,96,94,26/10/2021
60_to_69,96,94,27/10/2021
60_to_69,96,94,28/10/2021
60_to_69,96,94,29/10/2021
60_to_69,96,94,30/10/2021
60_to_69,96,94,31/10/2021
60_to_69,96,94,1/11/2021
60_to_69,96,94,2/11/2021
60_to_69,96,94,3/11/2021
60_to_69,96,94,4/11/2021
60_to_69,96,94,5/11/2021
60_to_69,96,94,6/11/2021
60_to_69,96,94,7/11/2021
60_to_69,96,94,8/11/2021
60_to_69,96,94,9/11/2021
60_to_69,96,94,10/11/2021
60_to_69,96,94,11/11/2021
60_to_69,96,94,12/11/2021
60_to_69,96,94,13/11/2021
60_to_69,96,95,14/11/2021
60_to_69,96,95,15/11/2021
60_to_69,96,95,16/11/2021
60_to_69,96,95,17/11/2021
60_to_69,96,95,18/11/2021
60_to_69,96,95,19/11/2021
60_to_69,96,95,20/11/2021
60_to_69,96,95,21/11/2021
60_to_69,96,95,22/11/2021
60_to_69,96,95,23/11/2021
60_to_69,96,95,24/11/2021
60_to_69,96,95,25/11/2021
60_to_69,96,95,26/11/2021
60_to_69,96,95,27/11/2021
60_to_69,96,95,28/11/2021
60_to_69,96,95,29/11/2021
60_to_69,96,95,30/11/2021
60_to_69,96,95,1/12/2021
60_to_69,96,95,2/12/2021
60_to_69,96,95,3/12/2021
60_to_69,96,95,4/12/2021
60_to_69,96,95,5/12/2021
60_to_69,96,95,6/12/2021
60_to_69,96,96,7/12/2021
60_to_69,96,96,8/12/2021
60_to_69,96,96,9/12/2021
60_to_69,96,96,10/12/2021
60_to_69,96,96,11/12/2021
60_to_69,96,96,12/12/2021
60_to_69,97,96,13/12/2021
60_to_69,97,96,14/12/2021
60_to_69,97,96,15/12/2021
60_to_69,97,96,16/12/2021
60_to_69,97,96,17/12/2021
60_to_69,97,96,18/12/2021
60_to_69,97,96,19/12/2021
60_to_69,97,96,20/12/2021
60_to_69,97,96,21/12/2021
60_to_69,97,96,22/12/2021
60_to_69,97,96,23/12/2021
70_to_79,0,0,30/12/2020
70_to_79,0,0,31/12/2020
70_to_79,0,0,1/1/2021
70_to_79,0,0,2/1/2021
70_to_79,0,0,3/1/2021
70_to_79,0,0,4/1/2021
70_to_79,0,0,5/1/2021
70_to_79,0,0,6/1/2021
70_to_79,0,0,7/1/2021
70_to_79,0,0,8/1/2021
70_to_79,0,0,9/1/2021
70_to_79,0,0,10/1/2021
70_to_79,0,0,11/1/2021
70_to_79,0,0,12/1/2021
70_to_79,0,0,13/1/2021
70_to_79,0,0,14/1/2021
70_to_79,0,0,15/1/2021
70_to_79,0,0,16/1/2021
70_to_79,0,0,17/1/2021
70_to_79,0,0,18/1/2021
70_to_79,0,0,19/1/2021
70_to_79,0,0,20/1/2021
70_to_79,0,0,21/1/2021
70_to_79,0,0,22/1/2021
70_to_79,0,0,23/1/2021
70_to_79,0,0,24/1/2021
70_to_79,0,0,25/1/2021
70_to_79,1,0,26/1/2021
70_to_79,1,0,27/1/2021
70_to_79,1,0,28/1/2021
70_to_79,1,0,29/1/2021
70_to_79,1,0,30/1/2021
70_to_79,1,0,31/1/2021
70_to_79,2,0,1/2/2021
70_to_79,2,0,2/2/2021
70_to_79,2,0,3/2/2021
70_to_79,2,0,4/2/2021
70_to_79,2,0,5/2/2021
70_to_79,2,0,6/2/2021
70_to_79,2,0,7/2/2021
70_to_79,2,0,8/2/2021
70_to_79,3,0,9/2/2021
70_to_79,3,0,10/2/2021
70_to_79,3,0,11/2/2021
70_to_79,3,0,12/2/2021
70_to_79,3,0,13/2/2021
70_to_79,3,0,14/2/2021
70_to_79,3,0,15/2/2021
70_to_79,3,0,16/2/2021
70_to_79,3,1,17/2/2021
70_to_79,3,1,18/2/2021
70_to_79,3,1,19/2/2021
70_to_79,3,1,20/2/2021
70_to_79,3,1,21/2/2021
70_to_79,4,1,22/2/2021
70_to_79,5,2,23/2/2021
70_to_79,6,2,24/2/2021
70_to_79,7,2,25/2/2021
70_to_79,7,2,26/2/2021
70_to_79,8,2,27/2/2021
70_to_79,9,2,28/2/2021
70_to_79,10,2,1/3/2021
70_to_79,11,2,2/3/2021
70_to_79,12,2,3/3/2021
70_to_79,13,3,4/3/2021
70_to_79,14,3,5/3/2021
70_to_79,16,3,6/3/2021
70_to_79,16,3,7/3/2021
70_to_79,18,3,8/3/2021
70_to_79,21,3,9/3/2021
70_to_79,23,3,10/3/2021
70_to_79,25,3,11/3/2021
70_to_79,28,3,12/3/2021
70_to_79,30,3,13/3/2021
70_to_79,31,3,14/3/2021
70_to_79,34,4,15/3/2021
70_to_79,36,5,16/3/2021
70_to_79,38,5,17/3/2021
70_to_79,40,6,18/3/2021
70_to_79,42,7,19/3/2021
70_to_79,44,8,20/3/2021
70_to_79,46,8,21/3/2021
70_to_79,48,9,22/3/2021
70_to_79,49,10,23/3/2021
70_to_79,51,11,24/3/2021
70_to_79,52,12,25/3/2021
70_to_79,53,14,26/3/2021
70_to_79,54,15,27/3/2021
70_to_79,55,16,28/3/2021
70_to_79,56,18,29/3/2021
70_to_79,57,20,30/3/2021
70_to_79,58,22,31/3/2021
70_to_79,59,24,1/4/2021
70_to_79,60,26,2/4/2021
70_to_79,60,28,3/4/2021
70_to_79,61,29,4/4/2021
70_to_79,62,31,5/4/2021
70_to_79,63,33,6/4/2021
70_to_79,63,35,7/4/2021
70_to_79,64,37,8/4/2021
70_to_79,65,39,9/4/2021
70_to_79,65,41,10/4/2021
70_to_79,65,43,11/4/2021
70_to_79,66,45,12/4/2021
70_to_79,67,46,13/4/2021
70_to_79,67,47,14/4/2021
70_to_79,68,48,15/4/2021
70_to_79,69,50,16/4/2021
70_to_79,69,51,17/4/2021
70_to_79,69,52,18/4/2021
70_to_79,70,53,19/4/2021
70_to_79,71,54,20/4/2021
70_to_79,71,55,21/4/2021
70_to_79,72,56,22/4/2021
70_to_79,72,57,23/4/2021
70_to_79,72,58,24/4/2021
70_to_79,73,59,25/4/2021
70_to_79,73,60,26/4/2021
70_to_79,73,61,27/4/2021
70_to_79,73,62,28/4/2021
70_to_79,73,62,29/4/2021
70_to_79,74,63,30/4/2021
70_to_79,74,63,1/5/2021
70_to_79,74,64,2/5/2021
70_to_79,74,64,3/5/2021
70_to_79,74,65,4/5/2021
70_to_79,74,66,5/5/2021
70_to_79,74,66,6/5/2021
70_to_79,75,67,7/5/2021
70_to_79,75,67,8/5/2021
70_to_79,75,67,9/5/2021
70_to_79,75,68,10/5/2021
70_to_79,75,69,11/5/2021
70_to_79,75,69,12/5/2021
70_to_79,75,69,13/5/2021
70_to_79,75,70,14/5/2021
70_to_79,75,71,15/5/2021
70_to_79,76,71,16/5/2021
70_to_79,76,71,17/5/2021
70_to_79,76,71,18/5/2021
70_to_79,76,72,19/5/2021
70_to_79,76,72,20/5/2021
70_to_79,76,72,21/5/2021
70_to_79,76,72,22/5/2021
70_to_79,76,73,23/5/2021
70_to_79,77,73,24/5/2021
70_to_79,77,73,25/5/2021
70_to_79,77,73,26/5/2021
70_to_79,77,73,27/5/2021
70_to_79,78,73,28/5/2021
70_to_79,78,73,29/5/2021
70_to_79,78,73,30/5/2021
70_to_79,78,74,31/5/2021
70_to_79,78,74,1/6/2021
70_to_79,79,74,2/6/2021
70_to_79,79,74,3/6/2021
70_to_79,79,74,4/6/2021
70_to_79,80,74,5/6/2021
70_to_79,80,74,6/6/2021
70_to_79,80,75,7/6/2021
70_to_79,80,75,8/6/2021
70_to_79,80,75,9/6/2021
70_to_79,81,75,10/6/2021
70_to_79,81,75,11/6/2021
70_to_79,81,75,12/6/2021
70_to_79,81,75,13/6/2021
70_to_79,81,76,14/6/2021
70_to_79,81,76,15/6/2021
70_to_79,82,76,16/6/2021
70_to_79,82,76,17/6/2021
70_to_79,82,76,18/6/2021
70_to_79,82,76,19/6/2021
70_to_79,82,76,20/6/2021
70_to_79,82,76,21/6/2021
70_to_79,82,76,22/6/2021
70_to_79,83,76,23/6/2021
70_to_79,83,77,24/6/2021
70_to_79,83,77,25/6/2021
70_to_79,83,77,26/6/2021
70_to_79,83,77,27/6/2021
70_to_79,83,77,28/6/2021
70_to_79,83,77,29/6/2021
70_to_79,84,77,30/6/2021
70_to_79,84,77,1/7/2021
70_to_79,84,77,2/7/2021
70_to_79,84,77,3/7/2021
70_to_79,84,77,4/7/2021
70_to_79,84,77,5/7/2021
70_to_79,84,77,6/7/2021
70_to_79,85,77,7/7/2021
70_to_79,85,77,8/7/2021
70_to_79,85,78,9/7/2021
70_to_79,85,78,10/7/2021
70_to_79,85,78,11/7/2021
70_to_79,85,78,12/7/2021
70_to_79,85,78,13/7/2021
70_to_79,85,79,14/7/2021
70_to_79,85,79,15/7/2021
70_to_79,86,79,16/7/2021
70_to_79,86,79,17/7/2021
70_to_79,86,80,18/7/2021
70_to_79,86,80,19/7/2021
70_to_79,86,80,20/7/2021
70_to_79,86,80,21/7/2021
70_to_79,87,80,22/7/2021
70_to_79,87,81,23/7/2021
70_to_79,87,81,24/7/2021
70_to_79,87,81,25/7/2021
70_to_79,87,81,26/7/2021
70_to_79,88,81,27/7/2021
70_to_79,88,82,28/7/2021
70_to_79,88,82,29/7/2021
70_to_79,88,82,30/7/2021
70_to_79,88,82,31/7/2021
70_to_79,89,82,1/8/2021
70_to_79,89,82,2/8/2021
70_to_79,89,83,3/8/2021
70_to_79,89,83,4/8/2021
70_to_79,89,83,5/8/2021
70_to_79,89,83,6/8/2021
70_to_79,90,83,7/8/2021
70_to_79,90,83,8/8/2021
70_to_79,90,84,9/8/2021
70_to_79,90,84,10/8/2021
70_to_79,90,84,11/8/2021
70_to_79,90,84,12/8/2021
70_to_79,90,84,13/8/2021
70_to_79,90,85,14/8/2021
70_to_79,91,85,15/8/2021
70_to_79,91,85,16/8/2021
70_to_79,91,85,17/8/2021
70_to_79,91,85,18/8/2021
70_to_79,91,86,19/8/2021
70_to_79,91,86,20/8/2021
70_to_79,91,86,21/8/2021
70_to_79,91,86,22/8/2021
70_to_79,91,86,23/8/2021
70_to_79,91,86,24/8/2021
70_to_79,91,87,25/8/2021
70_to_79,91,87,26/8/2021
70_to_79,91,87,27/8/2021
70_to_79,92,87,28/8/2021
70_to_79,92,87,29/8/2021
70_to_79,92,87,30/8/2021
70_to_79,92,88,31/8/2021
70_to_79,92,88,1/9/2021
70_to_79,92,88,2/9/2021
70_to_79,92,88,3/9/2021
70_to_79,92,88,4/9/2021
70_to_79,92,88,5/9/2021
70_to_79,92,88,6/9/2021
70_to_79,92,88,7/9/2021
70_to_79,92,89,8/9/2021
70_to_79,92,89,9/9/2021
70_to_79,93,89,10/9/2021
70_to_79,93,89,11/9/2021
70_to_79,93,89,12/9/2021
70_to_79,93,89,13/9/2021
70_to_79,93,89,14/9/2021
70_to_79,93,89,15/9/2021
70_to_79,93,89,16/9/2021
70_to_79,93,89,17/9/2021
70_to_79,93,89,18/9/2021
70_to_79,93,89,19/9/2021
70_to_79,93,90,20/9/2021
70_to_79,93,90,21/9/2021
70_to_79,93,90,22/9/2021
70_to_79,93,90,23/9/2021
70_to_79,93,90,24/9/2021
70_to_79,94,90,25/9/2021
70_to_79,94,90,26/9/2021
70_to_79,94,90,27/9/2021
70_to_79,94,90,28/9/2021
70_to_79,94,90,29/9/2021
70_to_79,94,90,30/9/2021
70_to_79,94,90,1/10/2021
70_to_79,94,91,2/10/2021
70_to_79,94,91,3/10/2021
70_to_79,94,91,4/10/2021
70_to_79,94,91,5/10/2021
70_to_79,94,91,6/10/2021
70_to_79,94,91,7/10/2021
70_to_79,94,91,8/10/2021
70_to_79,94,91,9/10/2021
70_to_79,94,91,10/10/2021
70_to_79,94,91,11/10/2021
70_to_79,94,91,12/10/2021
70_to_79,94,91,13/10/2021
70_to_79,94,91,14/10/2021
70_to_79,95,92,15/10/2021
70_to_79,95,92,16/10/2021
70_to_79,95,92,17/10/2021
70_to_79,95,92,18/10/2021
70_to_79,95,92,19/10/2021
70_to_79,95,92,20/10/2021
70_to_79,95,92,21/10/2021
70_to_79,95,92,22/10/2021
70_to_79,95,92,23/10/2021
70_to_79,95,92,24/10/2021
70_to_79,95,92,25/10/2021
70_to_79,95,92,26/10/2021
70_to_79,95,92,27/10/2021
70_to_79,95,92,28/10/2021
70_to_79,95,92,29/10/2021
70_to_79,95,93,30/10/2021
70_to_79,95,93,31/10/2021
70_to_79,95,93,1/11/2021
70_to_79,95,93,2/11/2021
70_to_79,95,93,3/11/2021
70_to_79,95,93,4/11/2021
70_to_79,95,93,5/11/2021
70_to_79,95,93,6/11/2021
70_to_79,95,93,7/11/2021
70_to_79,95,93,8/11/2021
70_to_79,95,93,9/11/2021
70_to_79,95,93,10/11/2021
70_to_79,95,93,11/11/2021
70_to_79,95,93,12/11/2021
70_to_79,95,93,13/11/2021
70_to_79,95,93,14/11/2021
70_to_79,95,94,15/11/2021
70_to_79,95,94,16/11/2021
70_to_79,96,94,17/11/2021
70_to_79,96,94,18/11/2021
70_to_79,96,94,19/11/2021
70_to_79,96,94,20/11/2021
70_to_79,96,94,21/11/2021
70_to_79,96,94,22/11/2021
70_to_79,96,94,23/11/2021
70_to_79,96,94,24/11/2021
70_to_79,96,94,25/11/2021
70_to_79,96,94,26/11/2021
70_to_79,96,94,27/11/2021
70_to_79,96,94,28/11/2021
70_to_79,96,94,29/11/2021
70_to_79,96,94,30/11/2021
70_to_79,96,94,1/12/2021
70_to_79,96,94,2/12/2021
70_to_79,96,94,3/12/2021
70_to_79,96,95,4/12/2021
70_to_79,96,95,5/12/2021
70_to_79,96,95,6/12/2021
70_to_79,96,95,7/12/2021
70_to_79,96,95,8/12/2021
70_to_79,96,95,9/12/2021
70_to_79,96,95,10/12/2021
70_to_79,96,95,11/12/2021
70_to_79,96,95,12/12/2021
70_to_79,96,95,13/12/2021
70_to_79,96,95,14/12/2021
70_to_79,96,95,15/12/2021
70_to_79,96,95,16/12/2021
70_to_79,96,95,17/12/2021
70_to_79,96,95,18/12/2021
70_to_79,96,95,19/12/2021
70_to_79,96,95,20/12/2021
70_to_79,96,95,21/12/2021
70_to_79,96,96,22/12/2021
70_to_79,96,96,23/12/2021
80_above,0,0,30/12/2020
80_above,0,0,31/12/2020
80_above,0,0,1/1/2021
80_above,0,0,2/1/2021
80_above,0,0,3/1/2021
80_above,0,0,4/1/2021
80_above,0,0,5/1/2021
80_above,0,0,6/1/2021
80_above,0,0,7/1/2021
80_above,0,0,8/1/2021
80_above,0,0,9/1/2021
80_above,0,0,10/1/2021
80_above,0,0,11/1/2021
80_above,0,0,12/1/2021
80_above,0,0,13/1/2021
80_above,0,0,14/1/2021
80_above,0,0,15/1/2021
80_above,0,0,16/1/2021
80_above,0,0,17/1/2021
80_above,0,0,18/1/2021
80_above,0,0,19/1/2021
80_above,0,0,20/1/2021
80_above,0,0,21/1/2021
80_above,0,0,22/1/2021
80_above,0,0,23/1/2021
80_above,0,0,24/1/2021
80_above,0,0,25/1/2021
80_above,0,0,26/1/2021
80_above,0,0,27/1/2021
80_above,0,0,28/1/2021
80_above,0,0,29/1/2021
80_above,0,0,30/1/2021
80_above,0,0,31/1/2021
80_above,0,0,1/2/2021
80_above,0,0,2/2/2021
80_above,0,0,3/2/2021
80_above,1,0,4/2/2021
80_above,1,0,5/2/2021
80_above,1,0,6/2/2021
80_above,1,0,7/2/2021
80_above,1,0,8/2/2021
80_above,1,0,9/2/2021
80_above,1,0,10/2/2021
80_above,1,0,11/2/2021
80_above,1,0,12/2/2021
80_above,1,0,13/2/2021
80_above,1,0,14/2/2021
80_above,1,0,15/2/2021
80_above,2,0,16/2/2021
80_above,2,0,17/2/2021
80_above,2,0,18/2/2021
80_above,2,0,19/2/2021
80_above,2,0,20/2/2021
80_above,2,0,21/2/2021
80_above,3,0,22/2/2021
80_above,4,0,23/2/2021
80_above,4,0,24/2/2021
80_above,5,1,25/2/2021
80_above,5,1,26/2/2021
80_above,6,1,27/2/2021
80_above,6,1,28/2/2021
80_above,7,1,1/3/2021
80_above,8,1,2/3/2021
80_above,9,1,3/3/2021
80_above,10,1,4/3/2021
80_above,11,1,5/3/2021
80_above,12,1,6/3/2021
80_above,12,1,7/3/2021
80_above,14,1,8/3/2021
80_above,15,1,9/3/2021
80_above,17,2,10/3/2021
80_above,19,2,11/3/2021
80_above,21,2,12/3/2021
80_above,23,2,13/3/2021
80_above,24,2,14/3/2021
80_above,26,3,15/3/2021
80_above,27,3,16/3/2021
80_above,29,4,17/3/2021
80_above,31,4,18/3/2021
80_above,33,5,19/3/2021
80_above,34,6,20/3/2021
80_above,36,6,21/3/2021
80_above,37,7,22/3/2021
80_above,38,7,23/3/2021
80_above,40,8,24/3/2021
80_above,40,9,25/3/2021
80_above,41,10,26/3/2021
80_above,42,11,27/3/2021
80_above,43,12,28/3/2021
80_above,44,13,29/3/2021
80_above,45,15,30/3/2021
80_above,46,17,31/3/2021
80_above,46,18,1/4/2021
80_above,47,19,2/4/2021
80_above,47,21,3/4/2021
80_above,48,22,4/4/2021
80_above,49,24,5/4/2021
80_above,49,25,6/4/2021
80_above,50,27,7/4/2021
80_above,50,29,8/4/2021
80_above,51,30,9/4/2021
80_above,51,32,10/4/2021
80_above,51,33,11/4/2021
80_above,52,35,12/4/2021
80_above,52,36,13/4/2021
80_above,53,37,14/4/2021
80_above,53,38,15/4/2021
80_above,54,39,16/4/2021
80_above,54,40,17/4/2021
80_above,54,40,18/4/2021
80_above,55,41,19/4/2021
80_above,55,42,20/4/2021
80_above,56,43,21/4/2021
80_above,56,44,22/4/2021
80_above,57,45,23/4/2021
80_above,57,46,24/4/2021
80_above,57,46,25/4/2021
80_above,57,47,26/4/2021
80_above,57,48,27/4/2021
80_above,58,48,28/4/2021
80_above,58,49,29/4/2021
80_above,58,49,30/4/2021
80_above,58,49,1/5/2021
80_above,58,50,2/5/2021
80_above,59,50,3/5/2021
80_above,59,51,4/5/2021
80_above,59,51,5/5/2021
80_above,59,52,6/5/2021
80_above,59,52,7/5/2021
80_above,59,53,8/5/2021
80_above,59,53,9/5/2021
80_above,60,53,10/5/2021
80_above,60,54,11/5/2021
80_above,60,54,12/5/2021
80_above,60,54,13/5/2021
80_above,60,55,14/5/2021
80_above,60,55,15/5/2021
80_above,60,56,16/5/2021
80_above,60,56,17/5/2021
80_above,61,56,18/5/2021
80_above,61,56,19/5/2021
80_above,61,57,20/5/2021
80_above,61,57,21/5/2021
80_above,61,57,22/5/2021
80_above,61,57,23/5/2021
80_above,61,57,24/5/2021
80_above,62,57,25/5/2021
80_above,62,58,26/5/2021
80_above,62,58,27/5/2021
80_above,62,58,28/5/2021
80_above,62,58,29/5/2021
80_above,63,58,30/5/2021
80_above,63,58,31/5/2021
80_above,63,58,1/6/2021
80_above,63,59,2/6/2021
80_above,64,59,3/6/2021
80_above,64,59,4/6/2021
80_above,65,59,5/6/2021
80_above,65,59,6/6/2021
80_above,65,59,7/6/2021
80_above,65,59,8/6/2021
80_above,66,60,9/6/2021
80_above,66,60,10/6/2021
80_above,66,60,11/6/2021
80_above,66,60,12/6/2021
80_above,66,60,13/6/2021
80_above,67,60,14/6/2021
80_above,67,60,15/6/2021
80_above,67,60,16/6/2021
80_above,67,61,17/6/2021
80_above,67,61,18/6/2021
80_above,68,61,19/6/2021
80_above,68,61,20/6/2021
80_above,68,61,21/6/2021
80_above,68,61,22/6/2021
80_above,68,61,23/6/2021
80_above,68,61,24/6/2021
80_above,69,61,25/6/2021
80_above,69,61,26/6/2021
80_above,69,61,27/6/2021
80_above,69,61,28/6/2021
80_above,69,62,29/6/2021
80_above,69,62,30/6/2021
80_above,70,62,1/7/2021
80_above,70,62,2/7/2021
80_above,70,62,3/7/2021
80_above,70,62,4/7/2021
80_above,70,62,5/7/2021
80_above,71,62,6/7/2021
80_above,71,62,7/7/2021
80_above,71,62,8/7/2021
80_above,71,63,9/7/2021
80_above,71,63,10/7/2021
80_above,71,63,11/7/2021
80_above,72,63,12/7/2021
80_above,72,63,13/7/2021
80_above,72,64,14/7/2021
80_above,72,64,15/7/2021
80_above,72,64,16/7/2021
80_above,72,65,17/7/2021
80_above,73,65,18/7/2021
80_above,73,65,19/7/2021
80_above,73,65,20/7/2021
80_above,74,66,21/7/2021
80_above,74,66,22/7/2021
80_above,74,66,23/7/2021
80_above,75,67,24/7/2021
80_above,75,67,25/7/2021
80_above,76,67,26/7/2021
80_above,76,67,27/7/2021
80_above,76,68,28/7/2021
80_above,77,68,29/7/2021
80_above,77,68,30/7/2021
80_above,77,68,31/7/2021
80_above,78,69,1/8/2021
80_above,78,69,2/8/2021
80_above,78,69,3/8/2021
80_above,79,69,4/8/2021
80_above,79,70,5/8/2021
80_above,79,70,6/8/2021
80_above,80,70,7/8/2021
80_above,80,70,8/8/2021
80_above,80,71,9/8/2021
80_above,80,71,10/8/2021
80_above,81,71,11/8/2021
80_above,81,72,12/8/2021
80_above,81,72,13/8/2021
80_above,81,73,14/8/2021
80_above,82,73,15/8/2021
80_above,82,73,16/8/2021
80_above,82,74,17/8/2021
80_above,82,74,18/8/2021
80_above,82,74,19/8/2021
80_above,83,75,20/8/2021
80_above,83,75,21/8/2021
80_above,83,75,22/8/2021
80_above,83,76,23/8/2021
80_above,83,76,24/8/2021
80_above,83,76,25/8/2021
80_above,83,77,26/8/2021
80_above,83,77,27/8/2021
80_above,84,77,28/8/2021
80_above,84,78,29/8/2021
80_above,84,78,30/8/2021
80_above,84,78,31/8/2021
80_above,84,78,1/9/2021
80_above,85,79,2/9/2021
80_above,85,79,3/9/2021
80_above,85,79,4/9/2021
80_above,85,79,5/9/2021
80_above,85,80,6/9/2021
80_above,85,80,7/9/2021
80_above,86,80,8/9/2021
80_above,86,80,9/9/2021
80_above,86,80,10/9/2021
80_above,86,81,11/9/2021
80_above,86,81,12/9/2021
80_above,86,81,13/9/2021
80_above,87,81,14/9/2021
80_above,87,81,15/9/2021
80_above,87,81,16/9/2021
80_above,87,82,17/9/2021
80_above,88,82,18/9/2021
80_above,88,82,19/9/2021
80_above,88,82,20/9/2021
80_above,88,82,21/9/2021
80_above,88,82,22/9/2021
80_above,88,83,23/9/2021
80_above,88,83,24/9/2021
80_above,88,83,25/9/2021
80_above,88,83,26/9/2021
80_above,88,83,27/9/2021
80_above,89,84,28/9/2021
80_above,89,84,29/9/2021
80_above,89,84,30/9/2021
80_above,89,84,1/10/2021
80_above,89,84,2/10/2021
80_above,89,84,3/10/2021
80_above,89,85,4/10/2021
80_above,89,85,5/10/2021
80_above,89,85,6/10/2021
80_above,89,85,7/10/2021
80_above,89,86,8/10/2021
80_above,90,86,9/10/2021
80_above,90,86,10/10/2021
80_above,90,86,11/10/2021
80_above,90,86,12/10/2021
80_above,90,86,13/10/2021
80_above,90,86,14/10/2021
80_above,90,86,15/10/2021
80_above,90,87,16/10/2021
80_above,90,87,17/10/2021
80_above,90,87,18/10/2021
80_above,90,87,19/10/2021
80_above,90,87,20/10/2021
80_above,91,87,21/10/2021
80_above,91,87,22/10/2021
80_above,91,87,23/10/2021
80_above,91,87,24/10/2021
80_above,91,87,25/10/2021
80_above,91,88,26/10/2021
80_above,91,88,27/10/2021
80_above,91,88,28/10/2021
80_above,91,88,29/10/2021
80_above,91,88,30/10/2021
80_above,91,88,31/10/2021
80_above,91,88,1/11/2021
80_above,91,88,2/11/2021
80_above,91,88,3/11/2021
80_above,91,88,4/11/2021
80_above,91,89,5/11/2021
80_above,91,89,6/11/2021
80_above,91,89,7/11/2021
80_above,91,89,8/11/2021
80_above,91,89,9/11/2021
80_above,92,89,10/11/2021
80_above,92,89,11/11/2021
80_above,92,89,12/11/2021
80_above,92,89,13/11/2021
80_above,92,89,14/11/2021
80_above,92,89,15/11/2021
80_above,92,90,16/11/2021
80_above,92,90,17/11/2021
80_above,92,90,18/11/2021
80_above,92,90,19/11/2021
80_above,92,90,20/11/2021
80_above,92,90,21/11/2021
80_above,92,90,22/11/2021
80_above,92,90,23/11/2021
80_above,93,90,24/11/2021
80_above,93,90,25/11/2021
80_above,93,90,26/11/2021
80_above,93,90,27/11/2021
80_above,93,90,28/11/2021
80_above,93,90,29/11/2021
80_above,93,90,30/11/2021
80_above,93,90,1/12/2021
80_above,93,90,2/12/2021
80_above,93,91,3/12/2021
80_above,93,91,4/12/2021
80_above,93,91,5/12/2021
80_above,93,91,6/12/2021
80_above,93,91,7/12/2021
80_above,93,91,8/12/2021
80_above,93,91,9/12/2021
80_above,93,91,10/12/2021
80_above,93,91,11/12/2021
80_above,93,91,12/12/2021
80_above,94,91,13/12/2021
80_above,94,92,14/12/2021
80_above,94,92,15/12/2021
80_above,94,92,16/12/2021
80_above,94,92,17/12/2021
80_above,94,92,18/12/2021
80_above,94,92,19/12/2021
80_above,94,92,20/12/2021
80_above,94,92,21/12/2021
80_above,94,92,22/12/2021
80_above,94,92,23/12/2021
